BIN;Network;Type;Category;Issuer
405040;VISA;DEBIT;CLASSIC;FUPS BANK ANONIM SIRKETI
410431;VISA;CREDIT;BUSINESS;FUPS BANK ANONIM SIRKETI
413791;VISA;CREDIT;CLASSIC;FUPS BANK ANONIM SIRKETI
420578;VISA;CREDIT;CLASSIC;FUPS BANK ANONIM SIRKETI
426889;VISA;DEBIT;BUSINESS;FUPS BANK ANONIM SIRKETI
450907;VISA;CREDIT;CLASSIC;ZIRAAT DINAMIK BANK, A.S.
540431;MASTERCARD;DEBIT;PREPAID RELOADABLE;AHLATCI ODEME VE ELEKTRONIK PARA HIZMETLERI AS
375557;AMERICAN EXPRESS;CREDIT;;AKBANK T.A.S.
413252;VISA;CREDIT;PLATINUM;AKBANK T.A.S.
425669;VISA;CREDIT;BUSINESS;AKBANK T.A.S.
432071;VISA;CREDIT;SIGNATURE;AKBANK T.A.S.
432072;VISA;CREDIT;SIGNATURE;AKBANK T.A.S.
435508;VISA;CREDIT;CLASSIC;AKBANK T.A.S.
435509;VISA;CREDIT;GOLD;AKBANK T.A.S.
456373;VISA;CREDIT;CLASSIC;AKBANK T.A.S.
474853;VISA;DEBIT;CLASSIC;AKBANK T.A.S.
474854;VISA;DEBIT;PREPAID PRIVATE LABEL STANDARD;AKBANK T.A.S.
479680;VISA;CREDIT;CLASSIC;AKBANK T.A.S.
479681;VISA;DEBIT;CLASSIC;AKBANK T.A.S.
490740;VISA;CREDIT;;AKBANK T.A.S.
512754;MASTERCARD;CREDIT;WORLD;AKBANK T.A.S.
516643;MASTERCARD;DEBIT;PREPAID RELOADABLE;AKBANK T.A.S.
516840;MASTERCARD;DEBIT;STANDARD;AKBANK T.A.S.
516841;MASTERCARD;DEBIT;PLATINUM;AKBANK T.A.S.
520932;MASTERCARD;CREDIT;STANDARD;AKBANK T.A.S.
521807;MASTERCARD;CREDIT;WORLD BLACK;AKBANK T.A.S.
521942;MASTERCARD;DEBIT;PREPAID RELOADABLE;AKBANK T.A.S.
524347;MASTERCARD;CREDIT;WORLD;AKBANK T.A.S.
534253;MASTERCARD;CREDIT;STANDARD;AKBANK T.A.S.
535280;MASTERCARD;DEBIT;COMMERCIAL;AKBANK T.A.S.
535449;MASTERCARD;DEBIT;STANDARD;AKBANK T.A.S.
550383;MASTERCARD;CREDIT;;AKBANK T.A.S.
552608;MASTERCARD;CREDIT;PREFERRED BUSINESS;AKBANK T.A.S.
552609;MASTERCARD;CREDIT;PREFERRED BUSINESS;AKBANK T.A.S.
553056;MASTERCARD;CREDIT;PREFERRED BUSINESS;AKBANK T.A.S.
557113;MASTERCARD;CREDIT;STANDARD;AKBANK T.A.S.
557829;MASTERCARD;CREDIT;GOLD;AKBANK T.A.S.
569004;LOCAL BRAND;DEBIT;PERSONAL;AKBANK T.A.S.
589004;MAESTRO;DEBIT;;AKBANK T.A.S.
677056;MAESTRO;DEBIT;;AKBANK T.A.S.
730727;PRIVATE LABEL;CREDIT;CLASSIC;AKBANK T.A.S.
979206;TROY;CREDIT;PERSONAL;AKBANK T.A.S.
979207;TROY;CREDIT;COMMERCIAL;AKBANK T.A.S.
979208;TROY;DEBIT;PERSONAL;AKBANK T.A.S.
900002;TROY;CREDIT;PERSONAL;AKTIF YATIRIM BANKASI
979213;TROY;DEBIT;PERSONAL;AKTIF YATIRIM BANKASI
979246;TROY;DEBIT;;AKTIF YATIRIM BANKASI
441115;VISA;CREDIT;CLASSIC;AKTIF YATIRIM BANKASI, A.S.
441118;VISA;DEBIT;ELECTRON;AKTIF YATIRIM BANKASI, A.S.
453144;VISA;CREDIT;CLASSIC;AKTIF YATIRIM BANKASI, A.S.
453145;VISA;CREDIT;GOLD;AKTIF YATIRIM BANKASI, A.S.
453146;VISA;CREDIT;PLATINUM;AKTIF YATIRIM BANKASI, A.S.
453147;VISA;DEBIT;PREPAID CLASSIC;AKTIF YATIRIM BANKASI, A.S.
453148;VISA;DEBIT;CLASSIC;AKTIF YATIRIM BANKASI, A.S.
515456;MASTERCARD;DEBIT;PREPAID RELOADABLE;AKTIF YATIRIM BANKASI, A.S.
516357;MASTERCARD;DEBIT;PREPAID RELOADABLE;AKTIF YATIRIM BANKASI, A.S.
517343;MASTERCARD;DEBIT;PREPAID RELOADABLE;AKTIF YATIRIM BANKASI, A.S.
528246;MASTERCARD;DEBIT;PREPAID RELOADABLE;AKTIF YATIRIM BANKASI, A.S.
532813;MASTERCARD;DEBIT;PREPAID RELOADABLE;AKTIF YATIRIM BANKASI, A.S.
534563;MASTERCARD;CREDIT;STANDARD;AKTIF YATIRIM BANKASI, A.S.
534565;MASTERCARD;DEBIT;PREPAID RELOADABLE;AKTIF YATIRIM BANKASI, A.S.
534567;MASTERCARD;DEBIT;PREPAID RELOADABLE;AKTIF YATIRIM BANKASI, A.S.
535843;MASTERCARD;CREDIT;WORLD BLACK;AKTIF YATIRIM BANKASI, A.S.
539098;MASTERCARD;DEBIT;PREPAID RELOADABLE;AKTIF YATIRIM BANKASI, A.S.
549539;MASTERCARD;DEBIT;PREPAID RELOADABLE;AKTIF YATIRIM BANKASI, A.S.
553427;MASTERCARD;DEBIT;STANDARD;AKTIF YATIRIM BANKASI, A.S.
559884;MASTERCARD;DEBIT;STANDARD;AKTIF YATIRIM BANKASI, A.S.
581877;MAESTRO;DEBIT;;AKTIF YATIRIM BANKASI, A.S.
671121;MAESTRO;DEBIT;;AKTIF YATIRIM BANKASI, A.S.
671155;MAESTRO;DEBIT;;AKTIF YATIRIM BANKASI, A.S.
504166;MAESTRO;DEBIT;PERSONAL;AKTIFBANK
979226;TROY;CREDIT;PERSONAL;ALBARAKA TURK
979227;TROY;DEBIT;PERSONAL;ALBARAKA TURK
516183;MASTERCARD;CREDIT;BUSINESS;ALBARAKA TURK KATILIM BANKASI
511583;MASTERCARD;CREDIT;WORLD;ALBARAKA TURK KATILIM BANKASI A.S
532639;MASTERCARD;DEBIT;STANDARD;ALBARAKA TURK KATILIM BANKASI A.S
533796;MASTERCARD;CREDIT;GOLD;ALBARAKA TURK KATILIM BANKASI A.S
533973;MASTERCARD;CREDIT;STANDARD;ALBARAKA TURK KATILIM BANKASI A.S
534264;MASTERCARD;CREDIT;STANDARD;ALBARAKA TURK KATILIM BANKASI A.S
536180;MASTERCARD;CREDIT;GOLD;ALBARAKA TURK KATILIM BANKASI A.S
544401;MASTERCARD;DEBIT;PREPAID;ALBARAKA TURK KATILIM BANKASI A.S
547234;MASTERCARD;CREDIT;BUSINESS;ALBARAKA TURK KATILIM BANKASI A.S
548232;MASTERCARD;CREDIT;GOLD;ALBARAKA TURK KATILIM BANKASI A.S
677397;MAESTRO;DEBIT;;ALBARAKA TURK KATILIM BANKASI A.S
417715;VISA;CREDIT;BUSINESS;ALBARAKA TURK KATILIM BANKASI, A.S.
417716;VISA;DEBIT;CLASSIC;ALBARAKA TURK KATILIM BANKASI, A.S.
423002;VISA;CREDIT;GOLD;ALBARAKA TURK KATILIM BANKASI, A.S.
424935;VISA;CREDIT;PLATINUM;ALBARAKA TURK KATILIM BANKASI, A.S.
432284;VISA;CREDIT;CLASSIC;ALBARAKA TURK KATILIM BANKASI, A.S.
432285;VISA;CREDIT;GOLD;ALBARAKA TURK KATILIM BANKASI, A.S.
434524;VISA;DEBIT;CLASSIC;ALBARAKA TURK KATILIM BANKASI, A.S.
434572;VISA;CREDIT;BUSINESS;ALBARAKA TURK KATILIM BANKASI, A.S.
463359;VISA;CREDIT;CLASSIC;ALBARAKA TURK KATILIM BANKASI, A.S.
479671;VISA;CREDIT;CLASSIC;ALBARAKA TURK KATILIM BANKASI, A.S.
627510;LOCAL BRAND;DEBIT;PERSONAL;ALBARAKA TURK KATILIM BANKASI, A.S.
979228;TROY;CREDIT;PERSONAL;ALTERNATIF BANK, A.S.
403223;VISA;CREDIT;CLASSIC;ALTERNATIFBANK, A.S.
403595;VISA;CREDIT;;ALTERNATIFBANK, A.S.
416394;VISA;CREDIT;PERSONAL;ALTERNATIFBANK, A.S.
466280;VISA;CREDIT;CLASSIC;ALTERNATIFBANK, A.S.
466281;VISA;CREDIT;GOLD;ALTERNATIFBANK, A.S.
466282;VISA;CREDIT;PLATINUM;ALTERNATIFBANK, A.S.
466283;VISA;CREDIT;BUSINESS;ALTERNATIFBANK, A.S.
466284;VISA;DEBIT;CLASSIC;ALTERNATIFBANK, A.S.
512618;MASTERCARD;CREDIT;MIXED;ALTERNATIFBANK, A.S.
516308;MASTERCARD;CREDIT;STANDARD;ALTERNATIFBANK, A.S.
516458;MASTERCARD;CREDIT;PLATINUM;ALTERNATIFBANK, A.S.
522221;MASTERCARD;CREDIT;STANDARD;ALTERNATIFBANK, A.S.
544836;MASTERCARD;CREDIT;GOLD;ALTERNATIFBANK, A.S.
551458;MASTERCARD;DEBIT;STANDARD;ALTERNATIFBANK, A.S.
553870;MASTERCARD;DEBIT;BUSINESS;ALTERNATIFBANK, A.S.
558485;MASTERCARD;CREDIT;BUSINESS;ALTERNATIFBANK, A.S.
654997;TROY;CREDIT;;ALTERNATIFBANK, A.S.
670670;MAESTRO;DEBIT;;ALTERNATIFBANK, A.S.
370558;AMERICAN EXPRESS;CREDIT;;AMERICAN EXPRESS COMPANY
370674;AMERICAN EXPRESS;CREDIT;;AMERICAN EXPRESS COMPANY
979240;TROY;DEBIT;PERSONAL;ANADOLU BANK, A.S.
979252;TROY;CREDIT;PERSONAL;ANADOLU BANK, A.S.
425846;VISA;CREDIT;GOLD;ANADOLUBANK, A.S.
425847;VISA;CREDIT;CLASSIC;ANADOLUBANK, A.S.
425848;VISA;CREDIT;BUSINESS;ANADOLUBANK, A.S.
425849;VISA;DEBIT;CLASSIC;ANADOLUBANK, A.S.
441341;VISA;CREDIT;PLATINUM;ANADOLUBANK, A.S.
515289;MASTERCARD;DEBIT;STANDARD;ANADOLUBANK, A.S.
522240;MASTERCARD;CREDIT;STANDARD;ANADOLUBANK, A.S.
522241;MASTERCARD;CREDIT;GOLD;ANADOLUBANK, A.S.
535881;MASTERCARD;CREDIT;STANDARD;ANADOLUBANK, A.S.
552557;MASTERCARD;DEBIT;STANDARD;ANADOLUBANK, A.S.
554301;MASTERCARD;CREDIT;WORLD;ANADOLUBANK, A.S.
558593;MASTERCARD;CREDIT;BUSINESS;ANADOLUBANK, A.S.
603072;LOCAL BRAND;DEBIT;PERSONAL;ANADOLUBANK, A.S.
676460;MAESTRO;DEBIT;;ANADOLUBANK, A.S.
512180;MASTERCARD;DEBIT;STANDARD;ARAP TURK BANKASI AS
530974;MASTERCARD;DEBIT;STANDARD;ARAP TURK BANKASI AS
441117;VISA;DEBIT;PREPAID CLASSIC;AS ODEME HIZMETLERI VE ELEKTRONIK PARA A.S
456925;VISA;DEBIT;PREPAID CLASSIC;AS ODEME HIZMETLERI VE ELEKTRONIK PARA A.S
979232;TROY;DEBIT;;ASYA KATILIM BANKASI
407112;VISA;DEBIT;BUSINESS;ASYA KATILIM BANKASI, A.S.
416987;VISA;CREDIT;BUSINESS;ASYA KATILIM BANKASI, A.S.
441033;VISA;CREDIT;CLASSIC;ASYA KATILIM BANKASI, A.S.
477206;VISA;CREDIT;PLATINUM;ASYA KATILIM BANKASI, A.S.
529462;MASTERCARD;CREDIT;STANDARD;ASYA KATILIM BANKASI, A.S.
531334;MASTERCARD;CREDIT;STANDARD/PLATINUM/WORLD;ASYA KATILIM BANKASI, A.S.
547799;MASTERCARD;CREDIT;BUSINESS;ASYA KATILIM BANKASI, A.S.
627462;MAESTRO;DEBIT;PREPAID;ASYA KATILIM BANKASI, A.S.
677131;MAESTRO;DEBIT;;ASYA KATILIM BANKASI, A.S.
412953;VISA;DEBIT;PREPAID;BANK ASYA KATILIM BANKASI, A.S.
456054;VISA;CREDIT;CLASSIC;BANKALARARASI KART MERKEZI, A.S.
523453;MASTERCARD;CREDIT;STANDARD;BANKPOZITIF KREDI VE KALKINMA BANKASI, A.S.
530341;MASTERCARD;DEBIT;PREPAID RELOADABLE;BELBIM ELEKTRONIK PARA VE ODEME HIZMETLERI AS
979273;TROY;DEBIT;PERSONAL;BIRLESIK ODEME VE ELEKTRONIK PARA HIZMET
531790;MASTERCARD;DEBIT;PREPAID RELOADABLE;BPN ODEME VE ELEKTRONIK PARA HIZMETLERI ANONIM SIRKETI
414941;VISA;DEBIT;ELECTRON;BURGAN BANK
483013;VISA;CREDIT;CLASSIC;BURGAN BANK
498516;VISA;CREDIT;CLASSIC;BURGAN BANK
498517;VISA;CREDIT;GOLD;BURGAN BANK
498518;VISA;CREDIT;PLATINUM;BURGAN BANK
498519;VISA;CREDIT;PLATINUM;BURGAN BANK
498520;VISA;CREDIT;BUSINESS;BURGAN BANK
498521;VISA;CREDIT;BUSINESS;BURGAN BANK
491373;VISA;CREDIT;GOLD;BURGAN BANK, A.S.
527573;MASTERCARD;DEBIT;PREPAID;BURGAN BANK, A.S.
535806;MASTERCARD;DEBIT;STANDARD;BURGAN BANK, A.S.
541875;MASTERCARD;CREDIT;STANDARD;BURGAN BANK, A.S.
589298;MAESTRO;DEBIT;STANDARD;BURGAN BANK, A.S.
412931;VISA;CREDIT;;CITIBANK
426391;VISA;CREDIT;GOLD;CITIBANK, A.S.
426392;VISA;CREDIT;CLASSIC;CITIBANK, A.S.
437897;VISA;CREDIT;CORPORATE T&E;CITIBANK, A.S.
450050;VISA;CREDIT;CLASSIC;CITIBANK, A.S.
450051;VISA;CREDIT;GOLD;CITIBANK, A.S.
471509;VISA;CREDIT;PURCHASING;CITIBANK, A.S.
547161;MASTERCARD;CREDIT;GOLD;CITIBANK, A.S.
549220;MASTERCARD;CREDIT;GOLD;CITIBANK, A.S.
553493;MASTERCARD;CREDIT;CORPORATE;CITIBANK, A.S.
554975;MASTERCARD;CREDIT;STANDARD;CITIBANK, A.S.
554976;MASTERCARD;CREDIT;GOLD;CITIBANK, A.S.
555087;MASTERCARD;CREDIT;PURCHASING;CITIBANK, A.S.
365770;DINERS CLUB INTERNATIONAL;CREDIT;BUSINESS;DC ABANK TURKEY
365771;DINERS CLUB INTERNATIONAL;CREDIT;PERSONAL;DC ABANK TURKEY
365772;DINERS CLUB INTERNATIONAL;CREDIT;PERSONAL;DC ABANK TURKEY
365773;DINERS CLUB INTERNATIONAL;CREDIT;PERSONAL;DC ABANK TURKEY
658054;DISCOVER;CREDIT;;DC BKM TFKB
658750;DISCOVER;CREDIT;;DC BKM TFKB
658751;DISCOVER;CREDIT;;DC BKM TFKB
658752;DISCOVER;CREDIT;;DC BKM TFKB
658759;DISCOVER;CREDIT;;DC BKM TFKB
979220;TROY;CREDIT;PERSONAL;DENIZ BANK, A.S.
979237;TROY;CREDIT;PERSONAL;DENIZ BANK, A.S.
979243;TROY;CREDIT;PERSONAL;DENIZ BANK, A.S.
462449;VISA;CREDIT;PLATINUM;DENIZBANK
403134;VISA;CREDIT;BUSINESS;DENIZBANK, A.S.
404990;VISA;DEBIT;CLASSIC;DENIZBANK, A.S.
408625;VISA;CREDIT;PLATINUM;DENIZBANK, A.S.
409070;VISA;CREDIT;CLASSIC;DENIZBANK, A.S.
411924;VISA;CREDIT;BUSINESS;DENIZBANK, A.S.
423667;VISA;DEBIT;PREPAID;DENIZBANK, A.S.
424360;VISA;CREDIT;GOLD;DENIZBANK, A.S.
424361;VISA;CREDIT;PLATINUM;DENIZBANK, A.S.
441139;VISA;CREDIT;CLASSIC;DENIZBANK, A.S.
459582;VISA;CREDIT;;DENIZBANK, A.S.
460345;VISA;CREDIT;CLASSIC;DENIZBANK, A.S.
460346;VISA;DEBIT;ELECTRON;DENIZBANK, A.S.
460347;VISA;CREDIT;GOLD;DENIZBANK, A.S.
462276;VISA;DEBIT;PREPAID;DENIZBANK, A.S.
462448;VISA;CREDIT;GOLD;DENIZBANK, A.S.
465574;VISA;DEBIT;ELECTRON;DENIZBANK, A.S.
472914;VISA;CREDIT;CLASSIC;DENIZBANK, A.S.
472915;VISA;CREDIT;CLASSIC;DENIZBANK, A.S.
476662;VISA;DEBIT;PREPAID CLASSIC;DENIZBANK, A.S.
483747;VISA;DEBIT;PREPAID ELECTRON;DENIZBANK, A.S.
489456;VISA;CREDIT;CLASSIC;DENIZBANK, A.S.
489457;VISA;CREDIT;GOLD;DENIZBANK, A.S.
489458;VISA;CREDIT;PLATINUM;DENIZBANK, A.S.
492192;VISA;CREDIT;CLASSIC;DENIZBANK, A.S.
508129;MAESTRO;DEBIT;;DENIZBANK, A.S.
510063;MASTERCARD;CREDIT;GOLD;DENIZBANK, A.S.
510118;MASTERCARD;CREDIT;BUSINESS;DENIZBANK, A.S.
510119;MASTERCARD;CREDIT;BUSINESS;DENIZBANK, A.S.
512017;MASTERCARD;CREDIT;GOLD;DENIZBANK, A.S.
512117;MASTERCARD;CREDIT;PLATINUM;DENIZBANK, A.S.
512446;MASTERCARD;CREDIT;GOLD;DENIZBANK, A.S.
514924;MASTERCARD;CREDIT;PLATINUM;DENIZBANK, A.S.
515865;MASTERCARD;CREDIT;MIXED PRODUCT;DENIZBANK, A.S.
516740;MASTERCARD;DEBIT;STANDARD;DENIZBANK, A.S.
516741;MASTERCARD;DEBIT;STANDARD;DENIZBANK, A.S.
516912;MASTERCARD;DEBIT;BUSINESS;DENIZBANK, A.S.
516914;MASTERCARD;DEBIT;STANDARD;DENIZBANK, A.S.
517047;MASTERCARD;DEBIT;PREPAID RELOADABLE;DENIZBANK, A.S.
520019;MASTERCARD;CREDIT;STANDARD;DENIZBANK, A.S.
520303;MASTERCARD;CREDIT;STANDARD;DENIZBANK, A.S.
520909;MASTERCARD;CREDIT;STANDARD;DENIZBANK, A.S.
522517;MASTERCARD;CREDIT;PLATINUM;DENIZBANK, A.S.
523515;MASTERCARD;CREDIT;PLATINUM;DENIZBANK, A.S.
526995;MASTERCARD;CREDIT;STANDARD;DENIZBANK, A.S.
529545;MASTERCARD;DEBIT;STANDARD;DENIZBANK, A.S.
529876;MASTERCARD;CREDIT;GOLD;DENIZBANK, A.S.
533293;MASTERCARD;DEBIT;PREPAID;DENIZBANK, A.S.
533330;MASTERCARD;CREDIT;WORLD BLACK;DENIZBANK, A.S.
539605;MASTERCARD;CREDIT;STANDARD;DENIZBANK, A.S.
542281;MASTERCARD;DEBIT;PREPAID;DENIZBANK, A.S.
543358;MASTERCARD;CREDIT;STANDARD;DENIZBANK, A.S.
543400;MASTERCARD;CREDIT;GOLD;DENIZBANK, A.S.
543427;MASTERCARD;CREDIT;STANDARD;DENIZBANK, A.S.
543943;MASTERCARD;CREDIT;STANDARD;DENIZBANK, A.S.
543944;MASTERCARD;CREDIT;GOLD;DENIZBANK, A.S.
544048;MASTERCARD;DEBIT;PREPAID;DENIZBANK, A.S.
546764;MASTERCARD;CREDIT;STANDARD;DENIZBANK, A.S.
547680;MASTERCARD;CREDIT;BUSINESS;DENIZBANK, A.S.
548202;MASTERCARD;CREDIT;STANDARD;DENIZBANK, A.S.
548434;MASTERCARD;CREDIT;GOLD;DENIZBANK, A.S.
549520;MASTERCARD;DEBIT;PREPAID RELOADABLE;DENIZBANK, A.S.
549839;MASTERCARD;CREDIT;WORLD;DENIZBANK, A.S.
549938;MASTERCARD;CREDIT;GOLD;DENIZBANK, A.S.
552679;MASTERCARD;CREDIT;BUSINESS;DENIZBANK, A.S.
554034;MASTERCARD;CREDIT;PLATINUM;DENIZBANK, A.S.
554483;MASTERCARD;CREDIT;GOLD;DENIZBANK, A.S.
554566;MASTERCARD;CREDIT;PLATINUM;DENIZBANK, A.S.
555574;MASTERCARD;CREDIT;WORLD BLACK;DENIZBANK, A.S.
555636;MASTERCARD;CREDIT;WORLD;DENIZBANK, A.S.
555660;MASTERCARD;CREDIT;STANDARD;DENIZBANK, A.S.
558379;MASTERCARD;CREDIT;BUSINESS;DENIZBANK, A.S.
558443;MASTERCARD;CREDIT;BUSINESS;DENIZBANK, A.S.
558446;MASTERCARD;CREDIT;BUSINESS;DENIZBANK, A.S.
558448;MASTERCARD;CREDIT;BUSINESS;DENIZBANK, A.S.
558460;MASTERCARD;CREDIT;BUSINESS;DENIZBANK, A.S.
558514;MASTERCARD;CREDIT;BUSINESS;DENIZBANK, A.S.
601912;MAESTRO;DEBIT;;DENIZBANK, A.S.
670610;MAESTRO;DEBIT;;DENIZBANK, A.S.
670640;MAESTRO;DEBIT;PERSONAL;DENIZBANK, A.S.
677047;MAESTRO;DEBIT;PERSONAL;DENIZBANK, A.S.
677369;MAESTRO;DEBIT;;DEUTSCHE BANK, A.S.
522503;MASTERCARD;DEBIT;PREPAID RELOADABLE;DGPARA ODEME KURULU'U AS
542772;MASTERCARD;DEBIT;PREPAID RELOADABLE;DGPARA ODEME KURULU'U AS
402003;VISA;CREDIT;;EGEBANK, A.S.
979261;TROY;DEBIT;;EMLAK KATILIM BANKASI
536034;MASTERCARD;DEBIT;PREPAID RELOADABLE;ERPA ODEME HIZMETLERI VE ELEKTRONIK PARA ANONIM SIRKETI
491374;VISA;CREDIT;CLASSIC;EUROBANK TEKFEN, A.S.
468973;VISA;CREDIT;PERSONAL;FIBABANK
423495;VISA;CREDIT;PERSONAL;FIBABANKA
517601;MASTERCARD;CREDIT;PERSONAL;FIBABANKA
979225;TROY;CREDIT;PERSONAL;FIBABANKA
434909;VISA;DEBIT;PREPAID;FIBABANKA, A.S.
520745;MASTERCARD;DEBIT;STANDARD;FIBABANKA, A.S.
520947;MASTERCARD;DEBIT;COMMERCIAL;FIBABANKA, A.S.
522021;MASTERCARD;CREDIT;WORLD BLACK;FIBABANKA, A.S.
522075;MASTERCARD;CREDIT;STANDARD;FIBABANKA, A.S.
522566;MASTERCARD;CREDIT;PLATINUM;FIBABANKA, A.S.
522576;MASTERCARD;CREDIT;STANDARD;FIBABANKA, A.S.
525492;MASTERCARD;DEBIT;PREPAID;FIBABANKA, A.S.
525604;MASTERCARD;CREDIT;BUSINESS;FIBABANKA, A.S.
526963;MASTERCARD;DEBIT;COMMERCIAL;FIBABANKA, A.S.
527022;MASTERCARD;CREDIT;BUSINESS;FIBABANKA, A.S.
527325;MASTERCARD;DEBIT;STANDARD;FIBABANKA, A.S.
527765;MASTERCARD;CREDIT;GOLD;FIBABANKA, A.S.
529534;MASTERCARD;CREDIT;STANDARD;FIBABANKA, A.S.
536202;MASTERCARD;CREDIT;STANDARD;FIBABANKA, A.S.
537889;MASTERCARD;DEBIT;STANDARD;FIBABANKA, A.S.
539424;MASTERCARD;CREDIT;STANDARD;FIBABANKA, A.S.
539432;MASTERCARD;DEBIT;STANDARD;FIBABANKA, A.S.
543624;MASTERCARD;CREDIT;MIXED;FIBABANKA, A.S.
547840;MASTERCARD;CREDIT;BUSINESS;FIBABANKA, A.S.
557374;MASTERCARD;DEBIT;STANDARD;FIBABANKA, A.S.
559056;MASTERCARD;CREDIT;BUSINESS;FIBABANKA, A.S.
603343;MAESTRO;DEBIT;;FIBABANKA, A.S.
671217;MAESTRO;DEBIT;;FIBABANKA, A.S.
677987;MAESTRO;DEBIT;PREPAID;FIBABANKA, A.S.
546354;MASTERCARD;DEBIT;PREPAID RELOADABLE;FINANCE INCORPORATED, LTD.
401072;VISA;CREDIT;CLASSIC;FINANSBANK, A.S.
402563;VISA;CREDIT;CLASSIC;FINANSBANK, A.S.
413583;VISA;CREDIT;GOLD;FINANSBANK, A.S.
422376;VISA;CREDIT;CLASSIC;FINANSBANK, A.S.
423277;VISA;CREDIT;CLASSIC;FINANSBANK, A.S.
423398;VISA;CREDIT;CLASSIC;FINANSBANK, A.S.
444029;VISA;CREDIT;GOLD;FINANSBANK, A.S.
459332;VISA;CREDIT;PLATINUM;FINANSBANK, A.S.
459333;VISA;DEBIT;ELECTRON;FINANSBANK, A.S.
516733;MASTERCARD;CREDIT;MIXED PRODUCT;FINANSBANK, A.S.
521584;MASTERCARD;DEBIT;PREPAID;FINANSBANK, A.S.
559096;MASTERCARD;CREDIT;EXECUTIVE BUSINESS;FINANSBANK, A.S.
670673;MAESTRO;DEBIT;;FINANSBANK, A.S.
979202;TROY;DEBIT;PERSONAL;FINANSBANK, A.S.
979203;TROY;CREDIT;PERSONAL;FINANSBANK, A.S.
402299;VISA;CREDIT;GOLD;FORTIS BANK, A.S.
374421;AMERICAN EXPRESS;CREDIT;PERSONAL;GARANTI BANK
374422;AMERICAN EXPRESS;CREDIT;PERSONAL;GARANTI BANK
374423;AMERICAN EXPRESS;CREDIT;SMALL BUSINESS;GARANTI BANK
374424;AMERICAN EXPRESS;CREDIT;PERSONAL;GARANTI BANK
374425;AMERICAN EXPRESS;CREDIT;CORPORATE;GARANTI BANK
374426;AMERICAN EXPRESS;CREDIT;CORPORATE;GARANTI BANK
374427;AMERICAN EXPRESS;CREDIT;PERSONAL;GARANTI BANK
374428;AMERICAN EXPRESS;CREDIT;PERSONAL;GARANTI BANK
375622;AMERICAN EXPRESS;CREDIT;PERSONAL;GARANTI BANK
375623;AMERICAN EXPRESS;CREDIT;PERSONAL;GARANTI BANK
375624;AMERICAN EXPRESS;CREDIT;PERSONAL;GARANTI BANK
375625;AMERICAN EXPRESS;CREDIT;PERSONAL;GARANTI BANK
375626;AMERICAN EXPRESS;CREDIT;PERSONAL;GARANTI BANK
375627;AMERICAN EXPRESS;CREDIT;PERSONAL;GARANTI BANK
375628;AMERICAN EXPRESS;CREDIT;;GARANTI BANK
375629;AMERICAN EXPRESS;CREDIT;;GARANTI BANK
375631;AMERICAN EXPRESS;CREDIT;PERSONAL;GARANTI BANK
377137;AMERICAN EXPRESS;CREDIT;SMALL BUSINESS;GARANTI BANK
377140;AMERICAN EXPRESS;CREDIT;PERSONAL;GARANTI BANK
377142;AMERICAN EXPRESS;CREDIT;PERSONAL;GARANTI BANK
377143;AMERICAN EXPRESS;CREDIT;PERSONAL;GARANTI BANK
377596;AMERICAN EXPRESS;CREDIT;SMALL BUSINESS;GARANTI BANK
377597;AMERICAN EXPRESS;CREDIT;PERSONAL;GARANTI BANK
377598;AMERICAN EXPRESS;CREDIT;PERSONAL;GARANTI BANK
377599;AMERICAN EXPRESS;CREDIT;PERSONAL;GARANTI BANK
378332;AMERICAN EXPRESS;CREDIT;PERSONAL;GARANTI BANK
378485;AMERICAN EXPRESS;CREDIT;PERSONAL;GARANTI BANK
379369;AMERICAN EXPRESS;CREDIT;PERSONAL;GARANTI BANK
379370;AMERICAN EXPRESS;CREDIT;PERSONAL;GARANTI BANK
379371;AMERICAN EXPRESS;CREDIT;PERSONAL;GARANTI BANK
542238;MASTERCARD;DEBIT;PREPAID CORPORATE;GOLDEN GLOBAL YATIRIM BANKASI AS
547402;MASTERCARD;DEBIT;COMMERCIAL;GOLDEN GLOBAL YATIRIM BANKASI AS
453149;VISA;DEBIT;PREPAID CLASSIC;GOLDEN GLOBAL YATIRIM BANKASI, A.S.
474263;VISA;DEBIT;PREPAID CLASSIC;GOLDEN GLOBAL YATIRIM BANKASI, A.S.
474540;VISA;DEBIT;PREPAID BUSINESS;GOLDEN GLOBAL YATIRIM BANKASI, A.S.
477294;VISA;DEBIT;PREPAID BUSINESS;GOLDEN GLOBAL YATIRIM BANKASI, A.S.
540387;MASTERCARD;CREDIT;STANDARD;HAYAT FINANS KATILIM BANKASI AS
405917;VISA;CREDIT;CLASSIC;HSBC BANK, A.S.
405918;VISA;CREDIT;GOLD;HSBC BANK, A.S.
405919;VISA;DEBIT;CLASSIC;HSBC BANK, A.S.
408969;VISA;CREDIT;CLASSIC;HSBC BANK, A.S.
409071;VISA;CREDIT;CLASSIC;HSBC BANK, A.S.
422629;VISA;CREDIT;GOLD;HSBC BANK, A.S.
424909;VISA;CREDIT;CLASSIC;HSBC BANK, A.S.
428240;VISA;CREDIT;PLATINUM;HSBC BANK, A.S.
431594;VISA;CREDIT;CLASSIC;HSBC BANK, A.S.
496019;VISA;CREDIT;CLASSIC;HSBC BANK, A.S.
510005;MASTERCARD;CREDIT;STANDARD;HSBC BANK, A.S.
512651;MASTERCARD;CREDIT;STANDARD;HSBC BANK, A.S.
519399;MASTERCARD;CREDIT;STANDARD;HSBC BANK, A.S.
525413;MASTERCARD;CREDIT;WORLD;HSBC BANK, A.S.
525795;MASTERCARD;CREDIT;GOLD;HSBC BANK, A.S.
532604;MASTERCARD;DEBIT;STANDARD;HSBC BANK, A.S.
540643;MASTERCARD;CREDIT;STANDARD;HSBC BANK, A.S.
542254;MASTERCARD;CREDIT;STANDARD;HSBC BANK, A.S.
545183;MASTERCARD;CREDIT;WORLD;HSBC BANK, A.S.
550472;MASTERCARD;CREDIT;STANDARD;HSBC BANK, A.S.
550473;MASTERCARD;CREDIT;GOLD;HSBC BANK, A.S.
552143;MASTERCARD;CREDIT;PLATINUM;HSBC BANK, A.S.
556030;MASTERCARD;CREDIT;BUSINESS;HSBC BANK, A.S.
556031;MASTERCARD;CREDIT;BUSINESS;HSBC BANK, A.S.
556033;MASTERCARD;CREDIT;BUSINESS;HSBC BANK, A.S.
556034;MASTERCARD;CREDIT;BUSINESS;HSBC BANK, A.S.
556665;MASTERCARD;CREDIT;CORPORATE;HSBC BANK, A.S.
627652;CHINA UNION PAY;DEBIT;STANDARD;HSBC BANK, A.S.
676401;MAESTRO;DEBIT;;HSBC BANK, A.S.
677193;MAESTRO;DEBIT;;HSBC BANK, A.S.
979214;TROY;CREDIT;PERSONAL;HSBC BANK, A.S.
413729;VISA;CREDIT;PLATINUM;ICBC TURKEY BANK ANONIM SIRKETI
413972;VISA;CREDIT;CLASSIC;ICBC TURKEY BANK ANONIM SIRKETI
445988;VISA;DEBIT;ELECTRON;ICBC TURKEY BANK ANONIM SIRKETI
456057;VISA;CREDIT;CLASSIC;ICBC TURKEY BANK ANONIM SIRKETI
456059;VISA;CREDIT;GOLD;ICBC TURKEY BANK ANONIM SIRKETI
514025;MASTERCARD;CREDIT;PLATINUM;ICBC TURKEY BANK, A.S.
521875;MASTERCARD;CREDIT;PLATINUM;ICBC TURKEY BANK, A.S.
527080;MASTERCARD;CREDIT;STANDARD;ICBC TURKEY BANK, A.S.
545769;MASTERCARD;CREDIT;STANDARD;ICBC TURKEY BANK, A.S.
545770;MASTERCARD;CREDIT;GOLD;ICBC TURKEY BANK, A.S.
558634;MASTERCARD;CREDIT;BUSINESS;ICBC TURKEY BANK, A.S.
589416;MAESTRO;DEBIT;;ICBC TURKEY BANK, A.S.
979239;TROY;CREDIT;PERSONAL;ICBC TURKEY BANK, A.S.
425979;VISA;DEBIT;ELECTRON;IKTISAT BANKASI TURK, A.S.
456077;VISA;CREDIT;;IKTISAT BANKASI TURK, A.S.
541074;MASTERCARD;CREDIT;;IKTISAT BANKASI TURK, A.S.
541076;MASTERCARD;CREDIT;;IKTISAT BANKASI TURK, A.S.
541932;MASTERCARD;CREDIT;;IKTISAT BANKASI TURK, A.S.
400684;VISA;CREDIT;CLASSIC;ING BANK, A.S.
408579;VISA;CREDIT;CLASSIC;ING BANK, A.S.
408581;VISA;DEBIT;ELECTRON;ING BANK, A.S.
408593;VISA;DEBIT;ELECTRON;ING BANK, A.S.
413762;VISA;CREDIT;GOLD;ING BANK, A.S.
413792;VISA;CREDIT;GOLD;ING BANK, A.S.
414070;VISA;CREDIT;PLATINUM;ING BANK, A.S.
420322;VISA;CREDIT;GOLD;ING BANK, A.S.
420323;VISA;CREDIT;GOLD;ING BANK, A.S.
420324;VISA;CREDIT;PLATINUM;ING BANK, A.S.
423091;VISA;DEBIT;PLATINUM;ING BANK, A.S.
447502;VISA;DEBIT;ELECTRON;ING BANK, A.S.
455571;VISA;CREDIT;GOLD;ING BANK, A.S.
463336;VISA;CREDIT;BUSINESS;ING BANK, A.S.
474823;VISA;DEBIT;PREPAID;ING BANK, A.S.
478797;VISA;CREDIT;CLASSIC;ING BANK, A.S.
478798;VISA;CREDIT;GOLD;ING BANK, A.S.
479632;VISA;DEBIT;BUSINESS;ING BANK, A.S.
479633;VISA;DEBIT;PREPAID;ING BANK, A.S.
480296;VISA;CREDIT;BUSINESS;ING BANK, A.S.
490805;VISA;CREDIT;CLASSIC;ING BANK, A.S.
490806;VISA;CREDIT;GOLD;ING BANK, A.S.
490807;VISA;CREDIT;BUSINESS;ING BANK, A.S.
490808;VISA;DEBIT;ELECTRON;ING BANK, A.S.
514140;MASTERCARD;CREDIT;STANDARD;ING BANK, A.S.
540024;MASTERCARD;CREDIT;STANDARD;ING BANK, A.S.
540025;MASTERCARD;CREDIT;BUSINESS;ING BANK, A.S.
542605;MASTERCARD;CREDIT;STANDARD;ING BANK, A.S.
548819;MASTERCARD;CREDIT;GOLD;ING BANK, A.S.
554297;MASTERCARD;CREDIT;STANDARD;ING BANK, A.S.
603322;LOCAL BRAND;DEBIT;PERSONAL;ING BANK, A.S.
979224;TROY;CREDIT;PERSONAL;ING BANK, A.S.
979242;TROY;DEBIT;PERSONAL;ING BANK, A.S.
510151;MASTERCARD;CREDIT;STANDARD;ING, A.S.
515755;MASTERCARD;DEBIT;PREPAID RELOADABLE;ING, A.S.
517946;MASTERCARD;CREDIT;STANDARD;ING, A.S.
526973;MASTERCARD;CREDIT;NEW WORLD;ING, A.S.
526975;MASTERCARD;CREDIT;NEW WORLD;ING, A.S.
531401;MASTERCARD;CREDIT;WORLD;ING, A.S.
532443;MASTERCARD;CREDIT;STANDARD;ING, A.S.
535137;MASTERCARD;DEBIT;COMMERCIAL;ING, A.S.
535270;MASTERCARD;DEBIT;PLATINUM;ING, A.S.
542029;MASTERCARD;CREDIT;MIXED;ING, A.S.
542965;MASTERCARD;CREDIT;GOLD;ING, A.S.
542967;MASTERCARD;CREDIT;GOLD;ING, A.S.
547765;MASTERCARD;CREDIT;BUSINESS;ING, A.S.
550074;MASTERCARD;CREDIT;WORLD;ING, A.S.
550478;MASTERCARD;CREDIT;STANDARD;ING, A.S.
554570;MASTERCARD;CREDIT;PLATINUM;ING, A.S.
676170;MAESTRO;DEBIT;;ING, A.S.
676206;MAESTRO;DEBIT;;ING, A.S.
676366;MAESTRO;DEBIT;;ING, A.S.
676402;MAESTRO;DEBIT;;ING, A.S.
979266;TROY;DEBIT;PERSONAL;ININAL
463367;VISA;DEBIT;PREPAID;ININAL ODEME VE ELEKTRONIK PARA HIZ. A.S
555518;MASTERCARD;DEBIT;PREPAID;ININAL ODEME VE ELEKTRONIK PARA HIZMETLERI AS
439574;VISA;DEBIT;PREPAID CLASSIC;ININAL ODEME VE ELEKTRONIK PARA HIZMETLERI, A.S.
439748;VISA;DEBIT;PREPAID CLASSIC;ININAL ODEME VE ELEKTRONIK PARA HIZMETLERI, A.S.
460962;VISA;DEBIT;PREPAID CLASSIC;ININAL ODEME VE ELEKTRONIK PARA HIZMETLERI, A.S.
473945;VISA;DEBIT;PREPAID BUSINESS;ININAL ODEME VE ELEKTRONIK PARA HIZMETLERI, A.S.
478500;VISA;DEBIT;PREPAID CLASSIC;ININAL ODEME VE ELEKTRONIK PARA HIZMETLERI, A.S.
603125;MAESTRO;DEBIT;STANDARD;IS BANKASI, A.S.
637060;PRIVATE LABEL;DEBIT;PREPAID;ISTANBUL TRANSPORT CARD
535805;MASTERCARD;DEBIT;PREPAID RELOADABLE;IYZI ODEME VE ELEKTRONIK PARA HIZMETLERI AS
447501;VISA;DEBIT;ELECTRON;KENTBANK, A.S.
637243;MAESTRO;DEBIT;STANDARD;KENTKART EGE ELEKTRONIK, A.S.
439847;VISA;CREDIT;CLASSIC;KUVEYT TURK EVKAF FINANS KURUMU
979216;TROY;DEBIT;GOLD;KUVEYT TURK EVKAF FINANS KURUMU
979267;TROY;CREDIT;PERSONAL;KUVEYT TURK EVKAF FINANS KURUMU
402589;VISA;CREDIT;CLASSIC;KUVEYT TURK KATILIM BANKASI, A.S.
402590;VISA;CREDIT;GOLD;KUVEYT TURK KATILIM BANKASI, A.S.
402591;VISA;DEBIT;GOLD;KUVEYT TURK KATILIM BANKASI, A.S.
402592;VISA;CREDIT;BUSINESS;KUVEYT TURK KATILIM BANKASI, A.S.
403360;VISA;CREDIT;PLATINUM;KUVEYT TURK KATILIM BANKASI, A.S.
403810;VISA;CREDIT;BUSINESS;KUVEYT TURK KATILIM BANKASI, A.S.
410556;VISA;CREDIT;CLASSIC;KUVEYT TURK KATILIM BANKASI, A.S.
424487;VISA;CREDIT;PERSONAL;KUVEYT TURK KATILIM BANKASI, A.S.
431024;VISA;CREDIT;BUSINESS;KUVEYT TURK KATILIM BANKASI, A.S.
439848;VISA;DEBIT;BUSINESS;KUVEYT TURK KATILIM BANKASI, A.S.
439849;VISA;DEBIT;CLASSIC;KUVEYT TURK KATILIM BANKASI, A.S.
483673;VISA;CREDIT;GOLD;KUVEYT TURK KATILIM BANKASI, A.S.
483674;VISA;DEBIT;CLASSIC;KUVEYT TURK KATILIM BANKASI, A.S.
483714;VISA;DEBIT;ELECTRON;KUVEYT TURK KATILIM BANKASI, A.S.
511660;MASTERCARD;CREDIT;BUSINESS;KUVEYT TURK KATILIM BANKASI, A.S.
512595;MASTERCARD;CREDIT;STANDARD;KUVEYT TURK KATILIM BANKASI, A.S.
518896;MASTERCARD;CREDIT;STANDARD;KUVEYT TURK KATILIM BANKASI, A.S.
520180;MASTERCARD;CREDIT;WORLD;KUVEYT TURK KATILIM BANKASI, A.S.
525312;MASTERCARD;CREDIT;MIXED;KUVEYT TURK KATILIM BANKASI, A.S.
527083;MASTERCARD;CREDIT;WORLD;KUVEYT TURK KATILIM BANKASI, A.S.
527327;MASTERCARD;CREDIT;STANDARD;KUVEYT TURK KATILIM BANKASI, A.S.
528133;MASTERCARD;DEBIT;STANDARD;KUVEYT TURK KATILIM BANKASI, A.S.
535748;MASTERCARD;DEBIT;WORLD ELITE;KUVEYT TURK KATILIM BANKASI, A.S.
539803;MASTERCARD;CREDIT;PREFERRED BUSINESS;KUVEYT TURK KATILIM BANKASI, A.S.
547564;MASTERCARD;CREDIT;BUSINESS;KUVEYT TURK KATILIM BANKASI, A.S.
557370;MASTERCARD;DEBIT;STANDARD;KUVEYT TURK KATILIM BANKASI, A.S.
677055;MAESTRO;DEBIT;;KUVEYT TURK KATILIM BANKASI, A.S.
439573;VISA;DEBIT;PERSONAL;LYDIANS ELEKTRONIK PARA VE ODEME HIZMETLERI, A.S.
439575;VISA;DEBIT;PREPAID CLASSIC;LYDIANS ELEKTRONIK PARA VE ODEME HIZMETLERI, A.S.
570031;MAESTRO;DEBIT;STANDARD;MAESTRO INTERNATIONAL
574153;MAESTRO;DEBIT;STANDARD;MAESTRO INTERNATIONAL
580539;MAESTRO;DEBIT;STANDARD;MAESTRO INTERNATIONAL
581072;MAESTRO;DEBIT;STANDARD;MAESTRO INTERNATIONAL
511436;MASTERCARD;DEBIT;PREPAID RELOADABLE;MOKA UNITED ODEME HIZMETLERI VE ELEKTRONIK PARA KURULUSU A.S
522989;MASTERCARD;DEBIT;PREPAID RELOADABLE;MOKA UNITED ODEME HIZMETLERI VE ELEKTRONIK PARA KURULUSU A.S
524907;MASTERCARD;DEBIT;PREPAID RELOADABLE;MOKA UNITED ODEME HIZMETLERI VE ELEKTRONIK PARA KURULUSU A.S
527149;MASTERCARD;DEBIT;PREPAID RELOADABLE;MOKA UNITED ODEME HIZMETLERI VE ELEKTRONIK PARA KURULUSU A.S
527192;MASTERCARD;DEBIT;PREPAID RELOADABLE;MOKA UNITED ODEME HIZMETLERI VE ELEKTRONIK PARA KURULUSU A.S
527823;MASTERCARD;DEBIT;PREPAID RELOADABLE;MOKA UNITED ODEME HIZMETLERI VE ELEKTRONIK PARA KURULUSU A.S
453955;VISA;DEBIT;PREPAID CLASSIC;MOKA UNITED ODEME HIZMETLERI VE ELEKTRONIK PARA KURULUSU ANONIM SIRKETI
531882;MASTERCARD;DEBIT;PREPAID RELOADABLE;MONEYPAY ODEME VE ELEKTRONIK PARA HIZMETLERI ANONIM SIRKETI
542273;MASTERCARD;CREDIT;STANDARD;NUROL YATIRIM BANKASI AS
468791;VISA;CREDIT;PLATINUM;ODEA BANK, A.S.
468793;VISA;CREDIT;BUSINESS;ODEA BANK, A.S.
468794;VISA;CREDIT;CORPORATE T&E;ODEA BANK, A.S.
468795;VISA;CREDIT;CORPORATE T&E;ODEA BANK, A.S.
468796;VISA;DEBIT;BUSINESS;ODEA BANK, A.S.
468797;VISA;DEBIT;ELECTRON;ODEA BANK, A.S.
469180;VISA;CREDIT;GOLD;ODEA BANK, A.S.
469181;VISA;CREDIT;PLATINUM;ODEA BANK, A.S.
469183;VISA;CREDIT;CLASSIC;ODEA BANK, A.S.
469184;VISA;DEBIT;ELECTRON;ODEA BANK, A.S.
516944;MASTERCARD;DEBIT;STANDARD;ODEA BANK, A.S.
519261;MASTERCARD;CREDIT;STANDARD;ODEA BANK, A.S.
521162;MASTERCARD;CREDIT;BUSINESS;ODEA BANK, A.S.
522347;MASTERCARD;CREDIT;PLATINUM;ODEA BANK, A.S.
522356;MASTERCARD;CREDIT;GOLD;ODEA BANK, A.S.
522362;MASTERCARD;CREDIT;STANDARD;ODEA BANK, A.S.
524677;MASTERCARD;CREDIT;STANDARD;ODEA BANK, A.S.
526952;MASTERCARD;CREDIT;GOLD;ODEA BANK, A.S.
527369;MASTERCARD;CREDIT;PLATINUM;ODEA BANK, A.S.
527383;MASTERCARD;CREDIT;WORLD;ODEA BANK, A.S.
527396;MASTERCARD;CREDIT;PLATINUM;ODEA BANK, A.S.
528064;MASTERCARD;CREDIT;STANDARD;ODEA BANK, A.S.
536255;MASTERCARD;CREDIT;BUSINESS;ODEA BANK, A.S.
542724;MASTERCARD;DEBIT;COMMERCIAL;ODEA BANK, A.S.
670868;MAESTRO;DEBIT;;ODEA BANK, A.S.
900020;TROY;CREDIT;PERSONAL;ODEA BANK, A.S.
979219;TROY;CREDIT;PERSONAL;ODEA BANK, A.S.
498597;VISA;DEBIT;PREPAID CLASSIC;OZAN ELEKTRONIK PARA, A.S.
523243;MASTERCARD;DEBIT;PREPAID BUSINESS;OZANPAY
527110;MASTERCARD;DEBIT;PREPAID RELOADABLE;OZANPAY
539375;MASTERCARD;DEBIT;PREPAID RELOADABLE;OZANPAY
979260;TROY;DEBIT;;PALADYUM ELEKTRONIK A.S
439683;VISA;DEBIT;PREPAID BUSINESS;PALADYUM ELEKTRONIK PARA VE ODEME HIZMETLERI, A.S.
439724;VISA;DEBIT;PREPAID CLASSIC;PALADYUM ELEKTRONIK PARA VE ODEME HIZMETLERI, A.S.
460944;VISA;DEBIT;PREPAID;PALADYUM ELEKTRONIK PARA VE ODEME HIZMETLERI, A.S.
474259;VISA;DEBIT;PREPAID CLASSIC;PALADYUM ELEKTRONIK PARA VE ODEME HIZMETLERI, A.S.
529799;MASTERCARD;DEBIT;PREPAID BUSINESS;PAPARA ELEKTRONIK PARA VE ODEME HIZMETLERI AS
531237;MASTERCARD;DEBIT;PREPAID RELOADABLE;PAPARA ELEKTRONIK PARA VE ODEME HIZMETLERI AS
531389;MASTERCARD;DEBIT;PREPAID RELOADABLE;PAPARA ELEKTRONIK PARA VE ODEME HIZMETLERI AS
535925;MASTERCARD;DEBIT;PREPAID RELOADABLE;PAPARA ELEKTRONIK PARA VE ODEME HIZMETLERI AS
539374;MASTERCARD;DEBIT;PREPAID RELOADABLE;PAPARA ELEKTRONIK PARA VE ODEME HIZMETLERI AS
539664;MASTERCARD;DEBIT;PREPAID;PAPARA ELEKTRONIK PARA VE ODEME HIZMETLERI AS
548793;MASTERCARD;DEBIT;PREPAID RELOADABLE;PAPARA ELEKTRONIK PARA VE ODEME HIZMETLERI AS
557396;MASTERCARD;DEBIT;PREPAID ISIC;PAPARA ELEKTRONIK PARA VE ODEME HIZMETLERI AS
460957;VISA;DEBIT;PREPAID CLASSIC;PAPARA ELEKTRONIK PARA VE ODEME HIZMETLERI, A.S.
460958;VISA;DEBIT;PREPAID CLASSIC;PAPARA ELEKTRONIK PARA VE ODEME HIZMETLERI, A.S.
460959;VISA;DEBIT;PREPAID CLASSIC;PAPARA ELEKTRONIK PARA VE ODEME HIZMETLERI, A.S.
478504;VISA;DEBIT;PREPAID CLASSIC;PAPARA ELEKTRONIK PARA VE ODEME HIZMETLERI, A.S.
542624;MASTERCARD;DEBIT;PREPAID;PAPEL ELEKTRONIK PARA VE ODEME HIZMETLERI A S
514102;MASTERCARD;DEBIT;PREPAID RELOADABLE;PAYPORTER ODEME HIZMETLERI VE ELEKTRONIK PARA AS
434913;VISA;DEBIT;CLASSIC;POSTA VE TELGRAF TESKILATI, A.S.
434914;VISA;DEBIT;PREPAID CLASSIC;POSTA VE TELGRAF TESKILATI, A.S.
900029;TROY;CREDIT;PERSONAL;POSTA VE TELGRAF TESKILATI, A.S.
533207;MASTERCARD;DEBIT;PREPAID RELOADABLE;POSTAL AND TELEGRAPH CORPORATION
536696;MASTERCARD;DEBIT;STANDARD;POSTAL AND TELEGRAPH CORPORATION
537608;MASTERCARD;DEBIT;STANDARD;POSTAL AND TELEGRAPH CORPORATION
671200;MAESTRO;DEBIT;;POSTAL AND TELEGRAPH CORPORATION
979249;TROY;DEBIT;PERSONAL;POSTAL AND TELEGRAPH CORPORATION
979254;TROY;DEBIT;PERSONAL;POSTAL AND TELEGRAPH CORPORATION
979277;TROY;DEBIT;PERSONAL;POSTAL AND TELEGRAPH CORPORATION
979278;TROY;DEBIT;PERSONAL;POSTAL AND TELEGRAPH CORPORATION
979259;TROY;DEBIT;;PTT
400709;VISA;DEBIT;CLASSIC;QNB BANK A.S
402277;VISA;CREDIT;CLASSIC;QNB BANK A.S
402278;VISA;CREDIT;GOLD;QNB BANK A.S
403082;VISA;CREDIT;BUSINESS;QNB BANK A.S
406386;VISA;DEBIT;CLASSIC;QNB BANK A.S
409364;VISA;CREDIT;CLASSIC;QNB BANK A.S
410147;VISA;CREDIT;CLASSIC;QNB BANK A.S
414388;VISA;CREDIT;CLASSIC;QNB BANK A.S
415565;VISA;CREDIT;CLASSIC;QNB BANK A.S
415956;VISA;DEBIT;CLASSIC;QNB BANK A.S
420092;VISA;DEBIT;BUSINESS;QNB BANK A.S
427311;VISA;CREDIT;CORPORATE T&E;QNB BANK A.S
431379;VISA;DEBIT;CLASSIC;QNB BANK A.S
435653;VISA;CREDIT;PLATINUM;QNB BANK A.S
439757;VISA;CREDIT;CLASSIC;QNB BANK A.S
441007;VISA;CREDIT;CLASSIC;QNB BANK A.S
442395;VISA;CREDIT;PLATINUM;QNB BANK A.S
479679;VISA;DEBIT;BUSINESS;QNB BANK A.S
498749;VISA;DEBIT;CLASSIC;QNB BANK A.S
499850;VISA;CREDIT;CLASSIC;QNB BANK A.S
499851;VISA;CREDIT;PLATINUM;QNB BANK A.S
499852;VISA;CREDIT;PLATINUM;QNB BANK A.S
499853;VISA;DEBIT;CLASSIC;QNB BANK A.S
515483;MASTERCARD;DEBIT;COMMERCIAL;QNB BANK A.S
516789;MASTERCARD;DEBIT;COMMERCIAL;QNB BANK A.S
516835;MASTERCARD;DEBIT;STANDARD;QNB BANK A.S
516843;MASTERCARD;DEBIT;STANDARD;QNB BANK A.S
519324;MASTERCARD;CREDIT;WORLD;QNB BANK A.S
520527;MASTERCARD;CREDIT;BUSINESS;QNB BANK A.S
521022;MASTERCARD;CREDIT;STANDARD;QNB BANK A.S
521836;MASTERCARD;CREDIT;WORLD;QNB BANK A.S
526911;MASTERCARD;CREDIT;PLATINUM;QNB BANK A.S
529572;MASTERCARD;CREDIT;WORLD;QNB BANK A.S
530818;MASTERCARD;CREDIT;MIXED;QNB BANK A.S
531157;MASTERCARD;CREDIT;STANDARD;QNB BANK A.S
531956;MASTERCARD;DEBIT;PREPAID RELOADABLE;QNB BANK A.S
532394;MASTERCARD;DEBIT;COMMERCIAL;QNB BANK A.S
534361;MASTERCARD;DEBIT;COMMERCIAL;QNB BANK A.S
535177;MASTERCARD;DEBIT;STANDARD;QNB BANK A.S
537058;MASTERCARD;CREDIT;WORLD BLACK;QNB BANK A.S
538713;MASTERCARD;DEBIT;STANDARD;QNB BANK A.S
539957;MASTERCARD;CREDIT;WORLD BLACK;QNB BANK A.S
542404;MASTERCARD;CREDIT;BUSINESS;QNB BANK A.S
545120;MASTERCARD;CREDIT;WORLD;QNB BANK A.S
545616;MASTERCARD;CREDIT;STANDARD;QNB BANK A.S
545847;MASTERCARD;CREDIT;NEW WORLD;QNB BANK A.S
547567;MASTERCARD;CREDIT;PREFERRED BUSINESS;QNB BANK A.S
547772;MASTERCARD;CREDIT;STANDARD;QNB BANK A.S
547800;MASTERCARD;CREDIT;PREFERRED BUSINESS;QNB BANK A.S
601050;MASTERCARD;DEBIT;;QNB BANK A.S
677238;MASTERCARD;DEBIT;SMALL BUSINESS;QNB BANK A.S
532607;MASTERCARD;CREDIT;STANDARD;QNB FINANSBANK, A.S.
536480;MASTERCARD;DEBIT;STANDARD;QNB FINANSBANK, A.S.
403836;VISA;CREDIT;BUSINESS;SEKERBANK T.A.S.
411156;VISA;CREDIT;CLASSIC;SEKERBANK T.A.S.
411157;VISA;CREDIT;GOLD;SEKERBANK T.A.S.
411158;VISA;CREDIT;PLATINUM;SEKERBANK T.A.S.
411159;VISA;CREDIT;BUSINESS;SEKERBANK T.A.S.
421086;VISA;DEBIT;PREPAID CLASSIC;SEKERBANK T.A.S.
423833;VISA;DEBIT;CLASSIC;SEKERBANK T.A.S.
433383;VISA;CREDIT;CLASSIC;SEKERBANK T.A.S.
433384;VISA;CREDIT;GOLD;SEKERBANK T.A.S.
454894;VISA;DEBIT;PREPAID;SEKERBANK T.A.S.
456372;VISA;CREDIT;CLASSIC;SEKERBANK T.A.S.
459068;VISA;DEBIT;CLASSIC;SEKERBANK T.A.S.
459268;VISA;CREDIT;CLASSIC;SEKERBANK T.A.S.
489401;VISA;DEBIT;BUSINESS;SEKERBANK T.A.S.
493837;VISA;CREDIT;CLASSIC;SEKERBANK T.A.S.
494063;VISA;CREDIT;GOLD;SEKERBANK T.A.S.
494064;VISA;CREDIT;CLASSIC;SEKERBANK T.A.S.
494316;VISA;DEBIT;BUSINESS;SEKERBANK T.A.S.
510270;MASTERCARD;DEBIT;STANDARD;SEKERBANK T.A.S.
516846;MASTERCARD;DEBIT;STANDARD;SEKERBANK T.A.S.
519753;MASTERCARD;CREDIT;BUSINESS;SEKERBANK T.A.S.
521394;MASTERCARD;CREDIT;MIXED;SEKERBANK T.A.S.
525404;MASTERCARD;CREDIT;STANDARD;SEKERBANK T.A.S.
530866;MASTERCARD;CREDIT;MIXED;SEKERBANK T.A.S.
547311;MASTERCARD;CREDIT;BUSINESS;SEKERBANK T.A.S.
549208;MASTERCARD;CREDIT;MIXED;SEKERBANK T.A.S.
549394;MASTERCARD;CREDIT;CLASSIC;SEKERBANK T.A.S.
552547;MASTERCARD;CREDIT;CORPORATE;SEKERBANK T.A.S.
557122;MASTERCARD;CREDIT;STANDARD;SEKERBANK T.A.S.
589713;MAESTRO;DEBIT;STANDARD;SEKERBANK T.A.S.
676832;MAESTRO;DEBIT;;SEKERBANK T.A.S.
979211;TROY;DEBIT;PERSONAL;SEKERBANK T.A.S.
979268;TROY;DEBIT;PERSONAL;SEKERBANK T.A.S.
979271;TROY;DEBIT;PERSONAL;SIPAY ELEKTRONIK PARA VE ODEME HIZMETLER
519653;MASTERCARD;DEBIT;PREPAID RELOADABLE;SIPAY ELEKTRONIK PARA VE ODEME HIZMETLERI AS
529585;MASTERCARD;DEBIT;PREPAID RELOADABLE;SIPAY ELEKTRONIK PARA VE ODEME HIZMETLERI AS
532572;MASTERCARD;DEBIT;PREPAID;SIPAY ELEKTRONIK PARA VE ODEME HIZMETLERI AS
412199;VISA;DEBIT;PREPAID BUSINESS;SIPAY ELEKTRONIK PARA VE ODEME HIZMETLERI, A.S.
423025;VISA;DEBIT;PREPAID CLASSIC;SIPAY ELEKTRONIK PARA VE ODEME HIZMETLERI, A.S.
434610;VISA;DEBIT;PREPAID CLASSIC;SIPAY ELEKTRONIK PARA VE ODEME HIZMETLERI, A.S.
434611;VISA;DEBIT;PREPAID CLASSIC;SIPAY ELEKTRONIK PARA VE ODEME HIZMETLERI, A.S.
603650;MAESTRO;DEBIT;;T. GARANTI BANKASI A.S
520922;MASTERCARD;DEBIT;WORLD ELITE;T. GARANTI BANKASI, A.S.
603344;LOCAL BRAND;CREDIT;PERSONAL;T. GARANTI BANKASI, A.S.
622403;CHINA UNION PAY;CREDIT;BUSINESS;T. GARANTI BANKASI, A.S.
637074;MAESTRO;DEBIT;STANDARD;T. GARANTI BANKASI, A.S.
979205;TROY;CREDIT;PERSONAL;T. GARANTI BANKASI, A.S.
979236;TROY;DEBIT;PERSONAL;T. GARANTI BANKASI, A.S.
979210;TROY;CREDIT;PERSONAL;T. HALK BANKASI, A.S.
979212;TROY;DEBIT;PERSONAL;T. HALK BANKASI, A.S.
979238;TROY;DEBIT;PERSONAL;T. HALK BANKASI, A.S.
979244;TROY;CREDIT;PERSONAL;T. HALK BANKASI, A.S.
979204;TROY;CREDIT;PERSONAL;T. IS BANKASI, A.S.
979233;TROY;DEBIT;PERSONAL;T. IS BANKASI, A.S.
650170;DISCOVER;CREDIT;PERSONAL;T. VAKIFLAR BANKASI T.A.O
979209;TROY;DEBIT;PERSONAL;T. VAKIFLAR BANKASI T.A.O
979256;TROY;DEBIT;PERSONAL;T. VAKIFLAR BANKASI T.A.O
404591;VISA;CREDIT;CLASSIC;T.C. ZIRAAT BANKASI, A.S.
407814;VISA;DEBIT;BUSINESS;T.C. ZIRAAT BANKASI, A.S.
413226;VISA;CREDIT;CLASSIC;T.C. ZIRAAT BANKASI, A.S.
416283;VISA;DEBIT;ELECTRON;T.C. ZIRAAT BANKASI, A.S.
434528;VISA;CREDIT;CLASSIC;T.C. ZIRAAT BANKASI, A.S.
434529;VISA;DEBIT;CLASSIC;T.C. ZIRAAT BANKASI, A.S.
437838;VISA;CREDIT;CLASSIC;T.C. ZIRAAT BANKASI, A.S.
439561;VISA;DEBIT;CLASSIC;T.C. ZIRAAT BANKASI, A.S.
444676;VISA;CREDIT;CLASSIC;T.C. ZIRAAT BANKASI, A.S.
444677;VISA;CREDIT;GOLD;T.C. ZIRAAT BANKASI, A.S.
444678;VISA;CREDIT;PLATINUM;T.C. ZIRAAT BANKASI, A.S.
447504;VISA;DEBIT;ELECTRON;T.C. ZIRAAT BANKASI, A.S.
454671;VISA;CREDIT;CLASSIC;T.C. ZIRAAT BANKASI, A.S.
454672;VISA;CREDIT;CLASSIC;T.C. ZIRAAT BANKASI, A.S.
454673;VISA;CREDIT;BUSINESS;T.C. ZIRAAT BANKASI, A.S.
454674;VISA;CREDIT;GOLD;T.C. ZIRAAT BANKASI, A.S.
460952;VISA;DEBIT;BUSINESS;T.C. ZIRAAT BANKASI, A.S.
469884;VISA;CREDIT;BUSINESS;T.C. ZIRAAT BANKASI, A.S.
476619;VISA;DEBIT;CLASSIC;T.C. ZIRAAT BANKASI, A.S.
482465;VISA;DEBIT;CLASSIC;T.C. ZIRAAT BANKASI, A.S.
487146;VISA;CREDIT;INFINITE;T.C. ZIRAAT BANKASI, A.S.
487147;VISA;CREDIT;BUSINESS;T.C. ZIRAAT BANKASI, A.S.
487148;VISA;DEBIT;INFINITE;T.C. ZIRAAT BANKASI, A.S.
487149;VISA;DEBIT;BUSINESS;T.C. ZIRAAT BANKASI, A.S.
511885;MASTERCARD;CREDIT;STANDARD;T.C. ZIRAAT BANKASI, A.S.
512440;MASTERCARD;DEBIT;STANDARD;T.C. ZIRAAT BANKASI, A.S.
513662;MASTERCARD;CREDIT;PLATINUM;T.C. ZIRAAT BANKASI, A.S.
516932;MASTERCARD;DEBIT;COMMERCIAL;T.C. ZIRAAT BANKASI, A.S.
523529;MASTERCARD;CREDIT;STANDARD;T.C. ZIRAAT BANKASI, A.S.
525329;MASTERCARD;CREDIT;WORLD BLACK;T.C. ZIRAAT BANKASI, A.S.
525339;MASTERCARD;CREDIT;PLATINUM;T.C. ZIRAAT BANKASI, A.S.
527682;MASTERCARD;DEBIT;STANDARD;T.C. ZIRAAT BANKASI, A.S.
527737;MASTERCARD;CREDIT;PREFERRED BUSINESS;T.C. ZIRAAT BANKASI, A.S.
527749;MASTERCARD;CREDIT;STANDARD;T.C. ZIRAAT BANKASI, A.S.
528208;MASTERCARD;DEBIT;STANDARD;T.C. ZIRAAT BANKASI, A.S.
530699;MASTERCARD;CREDIT;BUSINESS;T.C. ZIRAAT BANKASI, A.S.
530905;MASTERCARD;CREDIT;PLATINUM;T.C. ZIRAAT BANKASI, A.S.
531102;MASTERCARD;DEBIT;PREPAID RELOADABLE;T.C. ZIRAAT BANKASI, A.S.
533154;MASTERCARD;DEBIT;STANDARD;T.C. ZIRAAT BANKASI, A.S.
533184;MASTERCARD;DEBIT;PREPAID RELOADABLE;T.C. ZIRAAT BANKASI, A.S.
533612;MASTERCARD;DEBIT;BUSINESS;T.C. ZIRAAT BANKASI, A.S.
533764;MASTERCARD;CREDIT;WORLD BLACK;T.C. ZIRAAT BANKASI, A.S.
534981;MASTERCARD;CREDIT;GOLD;T.C. ZIRAAT BANKASI, A.S.
535248;MASTERCARD;DEBIT;STANDARD;T.C. ZIRAAT BANKASI, A.S.
535735;MASTERCARD;DEBIT;WORLD BUSINESS;T.C. ZIRAAT BANKASI, A.S.
536479;MASTERCARD;DEBIT;WORLD BLACK;T.C. ZIRAAT BANKASI, A.S.
537470;MASTERCARD;DEBIT;STANDARD;T.C. ZIRAAT BANKASI, A.S.
537546;MASTERCARD;DEBIT;STANDARD;T.C. ZIRAAT BANKASI, A.S.
540130;MASTERCARD;CREDIT;STANDARD;T.C. ZIRAAT BANKASI, A.S.
542374;MASTERCARD;CREDIT;MIXED;T.C. ZIRAAT BANKASI, A.S.
542941;MASTERCARD;DEBIT;WORLD BLACK;T.C. ZIRAAT BANKASI, A.S.
546957;MASTERCARD;DEBIT;PREPAID RELOADABLE;T.C. ZIRAAT BANKASI, A.S.
547287;MASTERCARD;CREDIT;BUSINESS;T.C. ZIRAAT BANKASI, A.S.
549449;MASTERCARD;CREDIT;STANDARD;T.C. ZIRAAT BANKASI, A.S.
557844;MASTERCARD;CREDIT;GOLD;T.C. ZIRAAT BANKASI, A.S.
558336;MASTERCARD;CREDIT;BUSINESS;T.C. ZIRAAT BANKASI, A.S.
601354;MAESTRO;DEBIT;;T.C. ZIRAAT BANKASI, A.S.
670586;MAESTRO;DEBIT;;T.C. ZIRAAT BANKASI, A.S.
676123;MAESTRO;DEBIT;;T.C. ZIRAAT BANKASI, A.S.
676124;MAESTRO;DEBIT;;T.C. ZIRAAT BANKASI, A.S.
424407;VISA;CREDIT;BUSINESS;TEKFENBANK, A.S.
900017;TROY;CREDIT;PERSONAL;TEKSTILBANK, A.S.
541876;MASTERCARD;CREDIT;STANDARD;TOM KATILIM BANKASI A.S
530200;MASTERCARD;DEBIT;PREPAID;TOM PAY ELEKTRONIK PARA VE ODEME HIZMETLERI AS
538399;MASTERCARD;DEBIT;PREPAID RELOADABLE;TOM PAY ELEKTRONIK PARA VE ODEME HIZMETLERI AS
411769;VISA;CREDIT;CLASSIC;TOPRAKBANK, A.S.
462721;VISA;CREDIT;CLASSIC;TOPRAKBANK, A.S.
489989;VISA;CREDIT;CLASSIC;TOPRAKBANK, A.S.
494100;VISA;CREDIT;CLASSIC;TOPRAKBANK, A.S.
494102;VISA;CREDIT;GOLD;TOPRAKBANK, A.S.
534060;MASTERCARD;DEBIT;PREPAID RELOADABLE;TT ODEME VE ELEKTRONIK PARA HIZMETLERI, A.S.
402458;VISA;CREDIT;CLASSIC;TURK EKONOMI BANKASI, A.S.
402459;VISA;CREDIT;CLASSIC;TURK EKONOMI BANKASI, A.S.
404315;VISA;DEBIT;BUSINESS;TURK EKONOMI BANKASI, A.S.
404350;VISA;CREDIT;BUSINESS;TURK EKONOMI BANKASI, A.S.
406015;VISA;CREDIT;GOLD;TURK EKONOMI BANKASI, A.S.
413528;VISA;DEBIT;PLATINUM;TURK EKONOMI BANKASI, A.S.
416350;VISA;CREDIT;CLASSIC;TURK EKONOMI BANKASI, A.S.
416563;VISA;CREDIT;BUSINESS;TURK EKONOMI BANKASI, A.S.
423438;VISA;CREDIT;CLASSIC;TURK EKONOMI BANKASI, A.S.
423439;VISA;DEBIT;CLASSIC;TURK EKONOMI BANKASI, A.S.
427308;VISA;CREDIT;CLASSIC;TURK EKONOMI BANKASI, A.S.
427707;VISA;CREDIT;BUSINESS;TURK EKONOMI BANKASI, A.S.
429098;VISA;DEBIT;PLATINUM;TURK EKONOMI BANKASI, A.S.
435435;VISA;DEBIT;CLASSIC;TURK EKONOMI BANKASI, A.S.
438040;VISA;CREDIT;PLATINUM;TURK EKONOMI BANKASI, A.S.
439845;VISA;CREDIT;CLASSIC;TURK EKONOMI BANKASI, A.S.
440247;VISA;DEBIT;CLASSIC;TURK EKONOMI BANKASI, A.S.
440273;VISA;CREDIT;GOLD;TURK EKONOMI BANKASI, A.S.
440274;VISA;DEBIT;CLASSIC;TURK EKONOMI BANKASI, A.S.
440293;VISA;CREDIT;CLASSIC;TURK EKONOMI BANKASI, A.S.
440294;VISA;DEBIT;BUSINESS;TURK EKONOMI BANKASI, A.S.
440295;VISA;DEBIT;PLATINUM;TURK EKONOMI BANKASI, A.S.
447503;VISA;DEBIT;BUSINESS;TURK EKONOMI BANKASI, A.S.
450918;VISA;CREDIT;BUSINESS;TURK EKONOMI BANKASI, A.S.
453956;VISA;CREDIT;PLATINUM;TURK EKONOMI BANKASI, A.S.
455645;VISA;CREDIT;INFINITE;TURK EKONOMI BANKASI, A.S.
459026;VISA;CREDIT;BUSINESS;TURK EKONOMI BANKASI, A.S.
469188;VISA;CREDIT;BUSINESS;TURK EKONOMI BANKASI, A.S.
474108;VISA;CREDIT;SIGNATURE;TURK EKONOMI BANKASI, A.S.
479227;VISA;CREDIT;BUSINESS;TURK EKONOMI BANKASI, A.S.
489494;VISA;CREDIT;CLASSIC;TURK EKONOMI BANKASI, A.S.
489495;VISA;CREDIT;PLATINUM;TURK EKONOMI BANKASI, A.S.
489496;VISA;CREDIT;BUSINESS;TURK EKONOMI BANKASI, A.S.
497022;VISA;DEBIT;CLASSIC;TURK EKONOMI BANKASI, A.S.
510138;MASTERCARD;CREDIT;STANDARD;TURK EKONOMI BANKASI, A.S.
510139;MASTERCARD;CREDIT;GOLD;TURK EKONOMI BANKASI, A.S.
510221;MASTERCARD;CREDIT;STANDARD;TURK EKONOMI BANKASI, A.S.
512803;MASTERCARD;CREDIT;STANDARD;TURK EKONOMI BANKASI, A.S.
519780;MASTERCARD;CREDIT;BUSINESS;TURK EKONOMI BANKASI, A.S.
524346;MASTERCARD;CREDIT;PLATINUM;TURK EKONOMI BANKASI, A.S.
524839;MASTERCARD;CREDIT;STANDARD;TURK EKONOMI BANKASI, A.S.
524840;MASTERCARD;CREDIT;STANDARD;TURK EKONOMI BANKASI, A.S.
525314;MASTERCARD;CREDIT;MIXED PRODUCT;TURK EKONOMI BANKASI, A.S.
528920;MASTERCARD;CREDIT;NEW WORLD;TURK EKONOMI BANKASI, A.S.
528926;MASTERCARD;CREDIT;STANDARD;TURK EKONOMI BANKASI, A.S.
530853;MASTERCARD;CREDIT;STANDARD;TURK EKONOMI BANKASI, A.S.
531531;MASTERCARD;CREDIT;WORLD;TURK EKONOMI BANKASI, A.S.
532581;MASTERCARD;DEBIT;PREPAID RELOADABLE;TURK EKONOMI BANKASI, A.S.
533751;MASTERCARD;CREDIT;STANDARD;TURK EKONOMI BANKASI, A.S.
534538;MASTERCARD;CREDIT;STANDARD;TURK EKONOMI BANKASI, A.S.
535217;MASTERCARD;DEBIT;STANDARD;TURK EKONOMI BANKASI, A.S.
537537;MASTERCARD;DEBIT;STANDARD;TURK EKONOMI BANKASI, A.S.
542259;MASTERCARD;CREDIT;PLATINUM;TURK EKONOMI BANKASI, A.S.
545124;MASTERCARD;CREDIT;WORLD;TURK EKONOMI BANKASI, A.S.
545148;MASTERCARD;CREDIT;WORLD;TURK EKONOMI BANKASI, A.S.
547985;MASTERCARD;CREDIT;BUSINESS;TURK EKONOMI BANKASI, A.S.
549998;MASTERCARD;CREDIT;STANDARD;TURK EKONOMI BANKASI, A.S.
550449;MASTERCARD;CREDIT;GOLD;TURK EKONOMI BANKASI, A.S.
552207;MASTERCARD;CREDIT;PLATINUM;TURK EKONOMI BANKASI, A.S.
553090;MASTERCARD;CREDIT;BUSINESS;TURK EKONOMI BANKASI, A.S.
606329;MAESTRO;DEBIT;;TURK EKONOMI BANKASI, A.S.
676406;MAESTRO;DEBIT;;TURK EKONOMI BANKASI, A.S.
676578;MAESTRO;DEBIT;;TURK EKONOMI BANKASI, A.S.
979223;TROY;CREDIT;PERSONAL;TURK EKONOMI BANKASI, A.S.
979264;TROY;DEBIT;PERSONAL;TURK EKONOMI BANKASI, A.S.
979235;TROY;DEBIT;PERSONAL;TURK ELEKTRONIK A.S
979248;TROY;CREDIT;PERSONAL;TURK ELEKTRONIK A.S
979257;TROY;CREDIT;PERSONAL;TURK ELEKTRONIK A.S
531325;MASTERCARD;DEBIT;PREPAID RELOADABLE;TURK ELEKTRONIK PARA A S
535616;MASTERCARD;DEBIT;PREPAID RELOADABLE;TURK ELEKTRONIK PARA A S
538841;MASTERCARD;DEBIT;PREPAID RELOADABLE;TURK ELEKTRONIK PARA A S
539387;MASTERCARD;CREDIT;STANDARD;TURK ELEKTRONIK PARA A S
542415;MASTERCARD;DEBIT;PREPAID BUSINESS;TURK ELEKTRONIK PARA A S
559964;MASTERCARD;DEBIT;PREPAID RELOADABLE;TURK ELEKTRONIK PARA A S
439562;VISA;DEBIT;PREPAID CLASSIC;TURK ELEKTRONIK PARA, A.S.
439563;VISA;DEBIT;PREPAID CLASSIC;TURK ELEKTRONIK PARA, A.S.
478592;VISA;CREDIT;PERSONAL;TURK ELEKTRONIK PARA, A.S.
478593;VISA;DEBIT;PREPAID CLASSIC;TURK ELEKTRONIK PARA, A.S.
478594;VISA;DEBIT;PREPAID BUSINESS;TURK ELEKTRONIK PARA, A.S.
456408;VISA;CREDIT;;TURK TICARET BANKASI, A.S.
515998;MASTERCARD;DEBIT;PREPAID RELOADABLE;TURKCELL ODEME VE ELEKTRONIK PARA HIZMETLERI AS
530429;MASTERCARD;DEBIT;PREPAID;TURKCELL ODEME VE ELEKTRONIK PARA HIZMETLERI AS
535434;MASTERCARD;DEBIT;PREPAID RELOADABLE;TURKCELL ODEME VE ELEKTRONIK PARA HIZMETLERI AS
544060;MASTERCARD;DEBIT;PREPAID RELOADABLE;TURKCELL ODEME VE ELEKTRONIK PARA HIZMETLERI AS
545044;MASTERCARD;DEBIT;PREPAID RELOADABLE;TURKCELL ODEME VE ELEKTRONIK PARA HIZMETLERI AS
123500;UATP;CREDIT;UATP;TURKISH AIRLINES (TK)
123501;UATP;CREDIT;UATP;TURKISH AIRLINES (TK)
123502;UATP;CREDIT;UATP;TURKISH AIRLINES (TK)
123503;UATP;CREDIT;UATP;TURKISH AIRLINES (TK)
123504;UATP;CREDIT;UATP;TURKISH AIRLINES (TK)
123505;UATP;CREDIT;UATP;TURKISH AIRLINES (TK)
123506;UATP;CREDIT;UATP;TURKISH AIRLINES (TK)
123507;UATP;CREDIT;UATP;TURKISH AIRLINES (TK)
123508;UATP;CREDIT;UATP;TURKISH AIRLINES (TK)
123509;UATP;CREDIT;UATP;TURKISH AIRLINES (TK)
123510;UATP;CREDIT;UATP;TURKISH AIRLINES (TK)
123511;UATP;CREDIT;UATP;TURKISH AIRLINES (TK)
123512;UATP;CREDIT;UATP;TURKISH AIRLINES (TK)
123513;UATP;CREDIT;UATP;TURKISH AIRLINES (TK)
123514;UATP;CREDIT;UATP;TURKISH AIRLINES (TK)
123515;UATP;CREDIT;UATP;TURKISH AIRLINES (TK)
123516;UATP;CREDIT;UATP;TURKISH AIRLINES (TK)
123517;UATP;CREDIT;UATP;TURKISH AIRLINES (TK)
123518;UATP;CREDIT;UATP;TURKISH AIRLINES (TK)
123519;UATP;CREDIT;UATP;TURKISH AIRLINES (TK)
123520;UATP;CREDIT;UATP;TURKISH AIRLINES (TK)
123521;UATP;CREDIT;UATP;TURKISH AIRLINES (TK)
123522;UATP;CREDIT;UATP;TURKISH AIRLINES (TK)
123523;UATP;CREDIT;UATP;TURKISH AIRLINES (TK)
123524;UATP;CREDIT;UATP;TURKISH AIRLINES (TK)
123525;UATP;CREDIT;UATP;TURKISH AIRLINES (TK)
123526;UATP;CREDIT;UATP;TURKISH AIRLINES (TK)
123527;UATP;CREDIT;UATP;TURKISH AIRLINES (TK)
123528;UATP;CREDIT;UATP;TURKISH AIRLINES (TK)
123529;UATP;CREDIT;UATP;TURKISH AIRLINES (TK)
123530;UATP;CREDIT;UATP;TURKISH AIRLINES (TK)
123531;UATP;CREDIT;UATP;TURKISH AIRLINES (TK)
123532;UATP;CREDIT;UATP;TURKISH AIRLINES (TK)
123533;UATP;CREDIT;UATP;TURKISH AIRLINES (TK)
123534;UATP;CREDIT;UATP;TURKISH AIRLINES (TK)
123535;UATP;CREDIT;UATP;TURKISH AIRLINES (TK)
123536;UATP;CREDIT;UATP;TURKISH AIRLINES (TK)
123537;UATP;CREDIT;UATP;TURKISH AIRLINES (TK)
123538;UATP;CREDIT;UATP;TURKISH AIRLINES (TK)
123539;UATP;CREDIT;UATP;TURKISH AIRLINES (TK)
123540;UATP;CREDIT;UATP;TURKISH AIRLINES (TK)
123541;UATP;CREDIT;UATP;TURKISH AIRLINES (TK)
123542;UATP;CREDIT;UATP;TURKISH AIRLINES (TK)
123543;UATP;CREDIT;UATP;TURKISH AIRLINES (TK)
123544;UATP;CREDIT;UATP;TURKISH AIRLINES (TK)
123545;UATP;CREDIT;UATP;TURKISH AIRLINES (TK)
123546;UATP;CREDIT;UATP;TURKISH AIRLINES (TK)
123547;UATP;CREDIT;UATP;TURKISH AIRLINES (TK)
123548;UATP;CREDIT;UATP;TURKISH AIRLINES (TK)
123549;UATP;CREDIT;UATP;TURKISH AIRLINES (TK)
123550;UATP;CREDIT;UATP;TURKISH AIRLINES (TK)
123551;UATP;CREDIT;UATP;TURKISH AIRLINES (TK)
123552;UATP;CREDIT;UATP;TURKISH AIRLINES (TK)
123553;UATP;CREDIT;UATP;TURKISH AIRLINES (TK)
123554;UATP;CREDIT;UATP;TURKISH AIRLINES (TK)
123555;UATP;CREDIT;UATP;TURKISH AIRLINES (TK)
123556;UATP;CREDIT;UATP;TURKISH AIRLINES (TK)
123557;UATP;CREDIT;UATP;TURKISH AIRLINES (TK)
123558;UATP;CREDIT;UATP;TURKISH AIRLINES (TK)
123559;UATP;CREDIT;UATP;TURKISH AIRLINES (TK)
123560;UATP;CREDIT;UATP;TURKISH AIRLINES (TK)
123561;UATP;CREDIT;UATP;TURKISH AIRLINES (TK)
123562;UATP;CREDIT;UATP;TURKISH AIRLINES (TK)
123563;UATP;CREDIT;UATP;TURKISH AIRLINES (TK)
123564;UATP;CREDIT;UATP;TURKISH AIRLINES (TK)
123565;UATP;CREDIT;UATP;TURKISH AIRLINES (TK)
123566;UATP;CREDIT;UATP;TURKISH AIRLINES (TK)
123567;UATP;CREDIT;UATP;TURKISH AIRLINES (TK)
123568;UATP;CREDIT;UATP;TURKISH AIRLINES (TK)
123569;UATP;CREDIT;UATP;TURKISH AIRLINES (TK)
123570;UATP;CREDIT;UATP;TURKISH AIRLINES (TK)
123571;UATP;CREDIT;UATP;TURKISH AIRLINES (TK)
123572;UATP;CREDIT;UATP;TURKISH AIRLINES (TK)
123573;UATP;CREDIT;UATP;TURKISH AIRLINES (TK)
123574;UATP;CREDIT;UATP;TURKISH AIRLINES (TK)
123575;UATP;CREDIT;UATP;TURKISH AIRLINES (TK)
123576;UATP;CREDIT;UATP;TURKISH AIRLINES (TK)
123577;UATP;CREDIT;UATP;TURKISH AIRLINES (TK)
123578;UATP;CREDIT;UATP;TURKISH AIRLINES (TK)
123579;UATP;CREDIT;UATP;TURKISH AIRLINES (TK)
123580;UATP;CREDIT;UATP;TURKISH AIRLINES (TK)
123581;UATP;CREDIT;UATP;TURKISH AIRLINES (TK)
123582;UATP;CREDIT;UATP;TURKISH AIRLINES (TK)
123583;UATP;CREDIT;UATP;TURKISH AIRLINES (TK)
123584;UATP;CREDIT;UATP;TURKISH AIRLINES (TK)
123585;UATP;CREDIT;UATP;TURKISH AIRLINES (TK)
123586;UATP;CREDIT;UATP;TURKISH AIRLINES (TK)
123587;UATP;CREDIT;UATP;TURKISH AIRLINES (TK)
123588;UATP;CREDIT;UATP;TURKISH AIRLINES (TK)
123589;UATP;CREDIT;UATP;TURKISH AIRLINES (TK)
123590;UATP;CREDIT;UATP;TURKISH AIRLINES (TK)
123591;UATP;CREDIT;UATP;TURKISH AIRLINES (TK)
123592;UATP;CREDIT;UATP;TURKISH AIRLINES (TK)
123593;UATP;CREDIT;UATP;TURKISH AIRLINES (TK)
123594;UATP;CREDIT;UATP;TURKISH AIRLINES (TK)
123595;UATP;CREDIT;UATP;TURKISH AIRLINES (TK)
123596;UATP;CREDIT;UATP;TURKISH AIRLINES (TK)
123597;UATP;CREDIT;UATP;TURKISH AIRLINES (TK)
123598;UATP;CREDIT;UATP;TURKISH AIRLINES (TK)
123599;UATP;CREDIT;UATP;TURKISH AIRLINES (TK)
419389;VISA;CREDIT;PERSONAL;TURKISH BANK, A.S.
518599;MASTERCARD;CREDIT;GOLD;TURKISH BANK, A.S.
529939;MASTERCARD;CREDIT;STANDARD;TURKISH BANK, A.S.
540572;MASTERCARD;DEBIT;STANDARD;TURKISH BANK, A.S.
552098;MASTERCARD;CREDIT;PLATINUM;TURKISH BANK, A.S.
558030;MASTERCARD;DEBIT;PREPAID RELOADABLE;TURKISH BANK, A.S.
589288;MAESTRO;DEBIT;;TURKISH BANK, A.S.
677522;MAESTRO;DEBIT;;TURKISH BANK, A.S.
485060;VISA;DEBIT;CLASSIC;TURKIYE FINANS KATILIM BANKASI
627161;MAESTRO;DEBIT;STANDARD;TURKIYE FINANS KATILIM BANKASI
424931;VISA;CREDIT;CLASSIC;TURKIYE FINANS KATILIM BANKASI , A.S.
606043;MASTERCARD;DEBIT;;TURKIYE FINANS KATILIM BANKASI , A.S.
979218;TROY;DEBIT;PERSONAL;TURKIYE FINANS KATILIM BANKASI , A.S.
400742;VISA;CREDIT;CLASSIC;TURKIYE FINANS KATILIM BANKASI, A.S.
404952;VISA;CREDIT;BUSINESS;TURKIYE FINANS KATILIM BANKASI, A.S.
411685;VISA;CREDIT;BUSINESS;TURKIYE FINANS KATILIM BANKASI, A.S.
412574;VISA;CREDIT;CLASSIC;TURKIYE FINANS KATILIM BANKASI, A.S.
412576;VISA;CREDIT;BUSINESS;TURKIYE FINANS KATILIM BANKASI, A.S.
416275;VISA;DEBIT;GOLD;TURKIYE FINANS KATILIM BANKASI, A.S.
424927;VISA;CREDIT;CLASSIC;TURKIYE FINANS KATILIM BANKASI, A.S.
428462;VISA;CREDIT;CLASSIC;TURKIYE FINANS KATILIM BANKASI, A.S.
435627;VISA;CREDIT;CLASSIC;TURKIYE FINANS KATILIM BANKASI, A.S.
435628;VISA;CREDIT;GOLD;TURKIYE FINANS KATILIM BANKASI, A.S.
435629;VISA;DEBIT;CLASSIC;TURKIYE FINANS KATILIM BANKASI, A.S.
441206;VISA;CREDIT;CLASSIC;TURKIYE FINANS KATILIM BANKASI, A.S.
470954;VISA;CREDIT;CLASSIC;TURKIYE FINANS KATILIM BANKASI, A.S.
479915;VISA;CREDIT;CLASSIC;TURKIYE FINANS KATILIM BANKASI, A.S.
479916;VISA;CREDIT;GOLD;TURKIYE FINANS KATILIM BANKASI, A.S.
479917;VISA;CREDIT;PLATINUM;TURKIYE FINANS KATILIM BANKASI, A.S.
485061;VISA;DEBIT;GOLD;TURKIYE FINANS KATILIM BANKASI, A.S.
498724;VISA;CREDIT;GOLD;TURKIYE FINANS KATILIM BANKASI, A.S.
498725;VISA;CREDIT;PLATINUM;TURKIYE FINANS KATILIM BANKASI, A.S.
511758;MASTERCARD;CREDIT;STANDARD;TURKIYE FINANS KATILIM BANKASI, A.S.
511783;MASTERCARD;CREDIT;STANDARD;TURKIYE FINANS KATILIM BANKASI, A.S.
512360;MASTERCARD;CREDIT;STANDARD;TURKIYE FINANS KATILIM BANKASI, A.S.
518358;MASTERCARD;CREDIT;WORLD BLACK;TURKIYE FINANS KATILIM BANKASI, A.S.
519015;MASTERCARD;DEBIT;STANDARD;TURKIYE FINANS KATILIM BANKASI, A.S.
521848;MASTERCARD;CREDIT;PLATINUM;TURKIYE FINANS KATILIM BANKASI, A.S.
527111;MASTERCARD;DEBIT;STANDARD;TURKIYE FINANS KATILIM BANKASI, A.S.
528293;MASTERCARD;CREDIT;STANDARD;TURKIYE FINANS KATILIM BANKASI, A.S.
537719;MASTERCARD;CREDIT;GOLD;TURKIYE FINANS KATILIM BANKASI, A.S.
541786;MASTERCARD;CREDIT;CORPORATE;TURKIYE FINANS KATILIM BANKASI, A.S.
549294;MASTERCARD;CREDIT;STANDARD;TURKIYE FINANS KATILIM BANKASI, A.S.
552610;MASTERCARD;CREDIT;CORPORATE;TURKIYE FINANS KATILIM BANKASI, A.S.
677451;MAESTRO;DEBIT;;TURKIYE FINANS KATILIM BANKASI, A.S.
642011;MAESTRO;DEBIT;STANDARD;TURKIYE GARANTI BANKASI
642012;MAESTRO;DEBIT;STANDARD;TURKIYE GARANTI BANKASI
403666;VISA;CREDIT;CORPORATE T&E;TURKIYE GARANTI BANKASI A. S.
404308;VISA;CREDIT;GOLD;TURKIYE GARANTI BANKASI A. S.
405051;VISA;DEBIT;PREPAID ELECTRON;TURKIYE GARANTI BANKASI A. S.
405090;VISA;DEBIT;ELECTRON;TURKIYE GARANTI BANKASI A. S.
406665;VISA;CREDIT;BUSINESS;TURKIYE GARANTI BANKASI A. S.
406666;VISA;CREDIT;BUSINESS;TURKIYE GARANTI BANKASI A. S.
409219;VISA;DEBIT;ELECTRON;TURKIYE GARANTI BANKASI A. S.
416508;VISA;CREDIT;GOLD;TURKIYE GARANTI BANKASI A. S.
416509;VISA;DEBIT;CLASSIC;TURKIYE GARANTI BANKASI A. S.
416513;VISA;CREDIT;CORPORATE T&E;TURKIYE GARANTI BANKASI A. S.
423400;VISA;CREDIT;GOLD;TURKIYE GARANTI BANKASI A. S.
423401;VISA;CREDIT;BUSINESS;TURKIYE GARANTI BANKASI A. S.
423402;VISA;CREDIT;BUSINESS;TURKIYE GARANTI BANKASI A. S.
423403;VISA;CREDIT;CLASSIC;TURKIYE GARANTI BANKASI A. S.
423404;VISA;CREDIT;GOLD;TURKIYE GARANTI BANKASI A. S.
423405;VISA;CREDIT;PLATINUM;TURKIYE GARANTI BANKASI A. S.
423406;VISA;CREDIT;BUSINESS;TURKIYE GARANTI BANKASI A. S.
423407;VISA;CREDIT;GOLD;TURKIYE GARANTI BANKASI A. S.
423408;VISA;CREDIT;PLATINUM;TURKIYE GARANTI BANKASI A. S.
423409;VISA;CREDIT;INFINITE;TURKIYE GARANTI BANKASI A. S.
423410;VISA;CREDIT;INFINITE;TURKIYE GARANTI BANKASI A. S.
423411;VISA;CREDIT;INFINITE;TURKIYE GARANTI BANKASI A. S.
423412;VISA;CREDIT;INFINITE;TURKIYE GARANTI BANKASI A. S.
423413;VISA;CREDIT;CORPORATE T&E;TURKIYE GARANTI BANKASI A. S.
423414;VISA;CREDIT;BUSINESS;TURKIYE GARANTI BANKASI A. S.
423415;VISA;CREDIT;SIGNATURE;TURKIYE GARANTI BANKASI A. S.
423416;VISA;CREDIT;CLASSIC;TURKIYE GARANTI BANKASI A. S.
423417;VISA;CREDIT;CLASSIC;TURKIYE GARANTI BANKASI A. S.
423418;VISA;CREDIT;GOLD;TURKIYE GARANTI BANKASI A. S.
423419;VISA;CREDIT;PLATINUM;TURKIYE GARANTI BANKASI A. S.
423422;VISA;CREDIT;GOLD;TURKIYE GARANTI BANKASI A. S.
423423;VISA;CREDIT;SIGNATURE;TURKIYE GARANTI BANKASI A. S.
423424;VISA;CREDIT;GOLD;TURKIYE GARANTI BANKASI A. S.
426886;VISA;CREDIT;CLASSIC;TURKIYE GARANTI BANKASI A. S.
426887;VISA;CREDIT;GOLD;TURKIYE GARANTI BANKASI A. S.
426888;VISA;CREDIT;PLATINUM;TURKIYE GARANTI BANKASI A. S.
427314;VISA;CREDIT;BUSINESS;TURKIYE GARANTI BANKASI A. S.
427315;VISA;CREDIT;BUSINESS;TURKIYE GARANTI BANKASI A. S.
428220;VISA;CREDIT;GOLD;TURKIYE GARANTI BANKASI A. S.
428221;VISA;CREDIT;PLATINUM;TURKIYE GARANTI BANKASI A. S.
432951;VISA;CREDIT;INFINITE;TURKIYE GARANTI BANKASI A. S.
432952;VISA;CREDIT;INFINITE;TURKIYE GARANTI BANKASI A. S.
432953;VISA;CREDIT;INFINITE;TURKIYE GARANTI BANKASI A. S.
432954;VISA;CREDIT;INFINITE;TURKIYE GARANTI BANKASI A. S.
448472;VISA;CREDIT;CORPORATE T&E;TURKIYE GARANTI BANKASI A. S.
450927;VISA;CREDIT;PLATINUM;TURKIYE GARANTI BANKASI A. S.
456507;VISA;CREDIT;BUSINESS;TURKIYE GARANTI BANKASI A. S.
462274;VISA;CREDIT;BUSINESS;TURKIYE GARANTI BANKASI A. S.
467293;VISA;CREDIT;GOLD;TURKIYE GARANTI BANKASI A. S.
467295;VISA;CREDIT;BUSINESS;TURKIYE GARANTI BANKASI A. S.
473130;VISA;CREDIT;INFINITE;TURKIYE GARANTI BANKASI A. S.
474123;VISA;CREDIT;BUSINESS;TURKIYE GARANTI BANKASI A. S.
474151;VISA;CREDIT;SIGNATURE;TURKIYE GARANTI BANKASI A. S.
474215;VISA;CREDIT;CLASSIC;TURKIYE GARANTI BANKASI A. S.
474528;VISA;CREDIT;BUSINESS;TURKIYE GARANTI BANKASI A. S.
479660;VISA;CREDIT;CLASSIC;TURKIYE GARANTI BANKASI A. S.
479661;VISA;CREDIT;CLASSIC;TURKIYE GARANTI BANKASI A. S.
479662;VISA;DEBIT;CLASSIC;TURKIYE GARANTI BANKASI A. S.
479682;VISA;DEBIT;BUSINESS;TURKIYE GARANTI BANKASI A. S.
482489;VISA;CREDIT;CLASSIC;TURKIYE GARANTI BANKASI A. S.
482490;VISA;CREDIT;GOLD;TURKIYE GARANTI BANKASI A. S.
482491;VISA;CREDIT;PLATINUM;TURKIYE GARANTI BANKASI A. S.
486567;VISA;CREDIT;PURCHASING;TURKIYE GARANTI BANKASI A. S.
487074;VISA;CREDIT;GOLD;TURKIYE GARANTI BANKASI A. S.
487075;VISA;CREDIT;SIGNATURE;TURKIYE GARANTI BANKASI A. S.
489455;VISA;DEBIT;CLASSIC;TURKIYE GARANTI BANKASI A. S.
489477;VISA;CREDIT;CLASSIC;TURKIYE GARANTI BANKASI A. S.
489478;VISA;CREDIT;GOLD;TURKIYE GARANTI BANKASI A. S.
489479;VISA;CREDIT;PLATINUM;TURKIYE GARANTI BANKASI A. S.
490175;VISA;CREDIT;CLASSIC;TURKIYE GARANTI BANKASI A. S.
492187;VISA;CREDIT;GOLD;TURKIYE GARANTI BANKASI A. S.
492193;VISA;CREDIT;CLASSIC;TURKIYE GARANTI BANKASI A. S.
223380;MASTERCARD;CREDIT;B2B;TURKIYE GARANTI BANKASI, A.S.
514915;MASTERCARD;CREDIT;WORLD;TURKIYE GARANTI BANKASI, A.S.
516943;MASTERCARD;DEBIT;STANDARD;TURKIYE GARANTI BANKASI, A.S.
516961;MASTERCARD;DEBIT;STANDARD;TURKIYE GARANTI BANKASI, A.S.
517040;MASTERCARD;DEBIT;STANDARD;TURKIYE GARANTI BANKASI, A.S.
517041;MASTERCARD;DEBIT;STANDARD;TURKIYE GARANTI BANKASI, A.S.
517042;MASTERCARD;DEBIT;PREPAID RELOADABLE;TURKIYE GARANTI BANKASI, A.S.
517048;MASTERCARD;DEBIT;PREPAID RELOADABLE;TURKIYE GARANTI BANKASI, A.S.
517049;MASTERCARD;DEBIT;PREPAID RELOADABLE;TURKIYE GARANTI BANKASI, A.S.
520068;MASTERCARD;DEBIT;PREPAID RELOADABLE;TURKIYE GARANTI BANKASI, A.S.
520097;MASTERCARD;CREDIT;STANDARD;TURKIYE GARANTI BANKASI, A.S.
520940;MASTERCARD;CREDIT;STANDARD;TURKIYE GARANTI BANKASI, A.S.
520988;MASTERCARD;CREDIT;WORLD;TURKIYE GARANTI BANKASI, A.S.
521081;MASTERCARD;CREDIT;NEW WORLD;TURKIYE GARANTI BANKASI, A.S.
521824;MASTERCARD;CREDIT;WORLD;TURKIYE GARANTI BANKASI, A.S.
521825;MASTERCARD;CREDIT;WORLD;TURKIYE GARANTI BANKASI, A.S.
522204;MASTERCARD;CREDIT;GOLD;TURKIYE GARANTI BANKASI, A.S.
524433;MASTERCARD;DEBIT;STANDARD;TURKIYE GARANTI BANKASI, A.S.
524659;MASTERCARD;CREDIT;STANDARD;TURKIYE GARANTI BANKASI, A.S.
526955;MASTERCARD;CREDIT;STANDARD;TURKIYE GARANTI BANKASI, A.S.
528653;MASTERCARD;CREDIT;WORLD;TURKIYE GARANTI BANKASI, A.S.
528939;MASTERCARD;CREDIT;WORLD;TURKIYE GARANTI BANKASI, A.S.
528956;MASTERCARD;CREDIT;PLATINUM;TURKIYE GARANTI BANKASI, A.S.
533169;MASTERCARD;CREDIT;PREFERRED BUSINESS;TURKIYE GARANTI BANKASI, A.S.
534261;MASTERCARD;CREDIT;STANDARD;TURKIYE GARANTI BANKASI, A.S.
535429;MASTERCARD;DEBIT;STANDARD;TURKIYE GARANTI BANKASI, A.S.
535488;MASTERCARD;DEBIT;COMMERCIAL;TURKIYE GARANTI BANKASI, A.S.
535493;MASTERCARD;DEBIT;STANDARD;TURKIYE GARANTI BANKASI, A.S.
536836;MASTERCARD;CREDIT;STANDARD;TURKIYE GARANTI BANKASI, A.S.
536837;MASTERCARD;CREDIT;STANDARD;TURKIYE GARANTI BANKASI, A.S.
537224;MASTERCARD;DEBIT;PREPAID;TURKIYE GARANTI BANKASI, A.S.
537226;MASTERCARD;DEBIT;PREPAID RELOADABLE;TURKIYE GARANTI BANKASI, A.S.
537227;MASTERCARD;DEBIT;PREPAID RELOADABLE;TURKIYE GARANTI BANKASI, A.S.
537829;MASTERCARD;CREDIT;WORLD;TURKIYE GARANTI BANKASI, A.S.
538121;MASTERCARD;CREDIT;WORLD;TURKIYE GARANTI BANKASI, A.S.
538124;MASTERCARD;CREDIT;PREFERRED BUSINESS;TURKIYE GARANTI BANKASI, A.S.
538139;MASTERCARD;CREDIT;PREFERRED BUSINESS;TURKIYE GARANTI BANKASI, A.S.
538196;MASTERCARD;CREDIT;WORLD;TURKIYE GARANTI BANKASI, A.S.
540036;MASTERCARD;CREDIT;STANDARD;TURKIYE GARANTI BANKASI, A.S.
540037;MASTERCARD;CREDIT;BUSINESS;TURKIYE GARANTI BANKASI, A.S.
540118;MASTERCARD;CREDIT;PLATINUM;TURKIYE GARANTI BANKASI, A.S.
540669;MASTERCARD;CREDIT;STANDARD;TURKIYE GARANTI BANKASI, A.S.
540709;MASTERCARD;CREDIT;WORLD BLACK;TURKIYE GARANTI BANKASI, A.S.
541865;MASTERCARD;CREDIT;MIXED;TURKIYE GARANTI BANKASI, A.S.
542030;MASTERCARD;CREDIT;GOLD;TURKIYE GARANTI BANKASI, A.S.
542111;MASTERCARD;CREDIT;BUSINESS;TURKIYE GARANTI BANKASI, A.S.
543394;MASTERCARD;CREDIT;WORLD;TURKIYE GARANTI BANKASI, A.S.
543738;MASTERCARD;CREDIT;STANDARD;TURKIYE GARANTI BANKASI, A.S.
544078;MASTERCARD;CREDIT;STANDARD;TURKIYE GARANTI BANKASI, A.S.
544294;MASTERCARD;CREDIT;CLASSIC;TURKIYE GARANTI BANKASI, A.S.
544638;MASTERCARD;CREDIT;WORLD;TURKIYE GARANTI BANKASI, A.S.
547968;MASTERCARD;CREDIT;BUSINESS;TURKIYE GARANTI BANKASI, A.S.
548334;MASTERCARD;CREDIT;WORLD;TURKIYE GARANTI BANKASI, A.S.
548935;MASTERCARD;CREDIT;GOLD;TURKIYE GARANTI BANKASI, A.S.
549219;MASTERCARD;CREDIT;BUSINESS PREFERRED;TURKIYE GARANTI BANKASI, A.S.
549997;MASTERCARD;CREDIT;WORLD;TURKIYE GARANTI BANKASI, A.S.
552095;MASTERCARD;CREDIT;PLATINUM;TURKIYE GARANTI BANKASI, A.S.
553130;MASTERCARD;CREDIT;BUSINESS;TURKIYE GARANTI BANKASI, A.S.
554253;MASTERCARD;CREDIT;STANDARD;TURKIYE GARANTI BANKASI, A.S.
554254;MASTERCARD;CREDIT;GOLD;TURKIYE GARANTI BANKASI, A.S.
554796;MASTERCARD;CREDIT;GOLD;TURKIYE GARANTI BANKASI, A.S.
554960;MASTERCARD;CREDIT;STANDARD;TURKIYE GARANTI BANKASI, A.S.
555366;MASTERCARD;CREDIT;BUSINESS;TURKIYE GARANTI BANKASI, A.S.
557023;MASTERCARD;CREDIT;STANDARD;TURKIYE GARANTI BANKASI, A.S.
558699;MASTERCARD;DEBIT;;TURKIYE GARANTI BANKASI, A.S.
589318;MAESTRO;DEBIT;;TURKIYE GARANTI BANKASI, A.S.
600208;MAESTRO;DEBIT;PREPAID;TURKIYE GARANTI BANKASI, A.S.
602970;MAESTRO;DEBIT;;TURKIYE GARANTI BANKASI, A.S.
603480;MAESTRO;DEBIT;;TURKIYE GARANTI BANKASI, A.S.
603492;MAESTRO;DEBIT;;TURKIYE GARANTI BANKASI, A.S.
603614;MAESTRO;DEBIT;;TURKIYE GARANTI BANKASI, A.S.
605036;MAESTRO;DEBIT;;TURKIYE GARANTI BANKASI, A.S.
670606;MAESTRO;DEBIT;;TURKIYE GARANTI BANKASI, A.S.
676255;MAESTRO;DEBIT;;TURKIYE GARANTI BANKASI, A.S.
676283;MAESTRO;DEBIT;;TURKIYE GARANTI BANKASI, A.S.
676651;MAESTRO;DEBIT;;TURKIYE GARANTI BANKASI, A.S.
676827;MAESTRO;DEBIT;;TURKIYE GARANTI BANKASI, A.S.
724365;MAESTRO;DEBIT;;TURKIYE GARANTI BANKASI, A.S.
401049;VISA;DEBIT;PLATINUM;TURKIYE HALK BANKASI, A.S.
402526;VISA;CREDIT;CLASSIC;TURKIYE HALK BANKASI, A.S.
415514;VISA;CREDIT;PLATINUM;TURKIYE HALK BANKASI, A.S.
415515;VISA;DEBIT;ELECTRON;TURKIYE HALK BANKASI, A.S.
416607;VISA;CREDIT;CLASSIC;TURKIYE HALK BANKASI, A.S.
421030;VISA;DEBIT;BUSINESS;TURKIYE HALK BANKASI, A.S.
423480;VISA;CREDIT;CLASSIC;TURKIYE HALK BANKASI, A.S.
440776;VISA;DEBIT;ELECTRON;TURKIYE HALK BANKASI, A.S.
447505;VISA;DEBIT;ELECTRON;TURKIYE HALK BANKASI, A.S.
451454;VISA;DEBIT;CLASSIC;TURKIYE HALK BANKASI, A.S.
456944;VISA;CREDIT;BUSINESS;TURKIYE HALK BANKASI, A.S.
466260;VISA;DEBIT;CLASSIC;TURKIYE HALK BANKASI, A.S.
478551;VISA;DEBIT;BUSINESS;TURKIYE HALK BANKASI, A.S.
492094;VISA;CREDIT;GOLD;TURKIYE HALK BANKASI, A.S.
492095;VISA;CREDIT;CLASSIC;TURKIYE HALK BANKASI, A.S.
498852;VISA;CREDIT;BUSINESS;TURKIYE HALK BANKASI, A.S.
499821;VISA;DEBIT;ELECTRON;TURKIYE HALK BANKASI, A.S.
510056;MASTERCARD;CREDIT;STANDARD;TURKIYE HALK BANKASI, A.S.
511109;MASTERCARD;DEBIT;WORLD ELITE;TURKIYE HALK BANKASI, A.S.
521378;MASTERCARD;CREDIT;PLATINUM;TURKIYE HALK BANKASI, A.S.
526289;MASTERCARD;DEBIT;PREPAID RELOADABLE;TURKIYE HALK BANKASI, A.S.
526290;MASTERCARD;DEBIT;STANDARD;TURKIYE HALK BANKASI, A.S.
527284;MASTERCARD;CREDIT;BUSINESS;TURKIYE HALK BANKASI, A.S.
529042;MASTERCARD;CREDIT;STANDARD;TURKIYE HALK BANKASI, A.S.
535241;MASTERCARD;DEBIT;PLATINUM;TURKIYE HALK BANKASI, A.S.
536503;MASTERCARD;CREDIT;STANDARD;TURKIYE HALK BANKASI, A.S.
537500;MASTERCARD;DEBIT;COMMERCIAL;TURKIYE HALK BANKASI, A.S.
540435;MASTERCARD;CREDIT;GOLD;TURKIYE HALK BANKASI, A.S.
542694;MASTERCARD;CREDIT;WORLD;TURKIYE HALK BANKASI, A.S.
543081;MASTERCARD;CREDIT;STANDARD;TURKIYE HALK BANKASI, A.S.
552879;MASTERCARD;CREDIT;PREFERRED BUSINESS;TURKIYE HALK BANKASI, A.S.
588843;LOCAL BRAND;DEBIT;CIRRUS;TURKIYE HALK BANKASI, A.S.
639001;MAESTRO;DEBIT;CIRRUS;TURKIYE HALK BANKASI, A.S.
676258;MAESTRO;DEBIT;;TURKIYE HALK BANKASI, A.S.
401071;VISA;DEBIT;ELECTRON;TURKIYE IS BANKASI, A.S.
403998;VISA;DEBIT;CLASSIC;TURKIYE IS BANKASI, A.S.
406456;VISA;CREDIT;;TURKIYE IS BANKASI, A.S.
418342;VISA;CREDIT;CLASSIC;TURKIYE IS BANKASI, A.S.
418343;VISA;CREDIT;CLASSIC;TURKIYE IS BANKASI, A.S.
418344;VISA;CREDIT;GOLD;TURKIYE IS BANKASI, A.S.
418345;VISA;CREDIT;GOLD;TURKIYE IS BANKASI, A.S.
420556;VISA;DEBIT;PREPAID CLASSIC;TURKIYE IS BANKASI, A.S.
423425;VISA;DEBIT;PREPAID CLASSIC;TURKIYE IS BANKASI, A.S.
423430;VISA;DEBIT;PREPAID CLASSIC;TURKIYE IS BANKASI, A.S.
423431;VISA;DEBIT;PREPAID CLASSIC;TURKIYE IS BANKASI, A.S.
423432;VISA;DEBIT;CLASSIC;TURKIYE IS BANKASI, A.S.
423433;VISA;CREDIT;CLASSIC;TURKIYE IS BANKASI, A.S.
423434;VISA;DEBIT;PREPAID CLASSIC;TURKIYE IS BANKASI, A.S.
423435;VISA;DEBIT;SIGNATURE;TURKIYE IS BANKASI, A.S.
423436;VISA;DEBIT;CLASSIC;TURKIYE IS BANKASI, A.S.
423437;VISA;DEBIT;PREPAID CLASSIC;TURKIYE IS BANKASI, A.S.
423455;VISA;DEBIT;PREPAID CLASSIC;TURKIYE IS BANKASI, A.S.
435446;VISA;CREDIT;GOLD;TURKIYE IS BANKASI, A.S.
438331;VISA;CREDIT;BUSINESS;TURKIYE IS BANKASI, A.S.
441075;VISA;DEBIT;PREPAID CLASSIC;TURKIYE IS BANKASI, A.S.
441076;VISA;DEBIT;PREPAID CLASSIC;TURKIYE IS BANKASI, A.S.
441077;VISA;DEBIT;BUSINESS;TURKIYE IS BANKASI, A.S.
450803;VISA;CREDIT;BUSINESS;TURKIYE IS BANKASI, A.S.
454314;VISA;DEBIT;CLASSIC;TURKIYE IS BANKASI, A.S.
454318;VISA;CREDIT;CLASSIC;TURKIYE IS BANKASI, A.S.
454358;VISA;CREDIT;GOLD;TURKIYE IS BANKASI, A.S.
454359;VISA;CREDIT;GOLD;TURKIYE IS BANKASI, A.S.
454360;VISA;CREDIT;CLASSIC;TURKIYE IS BANKASI, A.S.
460925;VISA;DEBIT;PREPAID CLASSIC;TURKIYE IS BANKASI, A.S.
473956;VISA;DEBIT;PREPAID CLASSIC;TURKIYE IS BANKASI, A.S.
473957;VISA;DEBIT;PREPAID CLASSIC;TURKIYE IS BANKASI, A.S.
473998;VISA;CREDIT;CORPORATE T&E;TURKIYE IS BANKASI, A.S.
474138;VISA;DEBIT;PREPAID BUSINESS;TURKIYE IS BANKASI, A.S.
474301;VISA;CREDIT;INFINITE;TURKIYE IS BANKASI, A.S.
474302;VISA;DEBIT;INFINITE;TURKIYE IS BANKASI, A.S.
474308;VISA;CREDIT;INFINITE;TURKIYE IS BANKASI, A.S.
474340;VISA;CREDIT;SIGNATURE;TURKIYE IS BANKASI, A.S.
474500;VISA;DEBIT;INFINITE;TURKIYE IS BANKASI, A.S.
474508;VISA;CREDIT;SIGNATURE;TURKIYE IS BANKASI, A.S.
479610;VISA;CREDIT;CLASSIC;TURKIYE IS BANKASI, A.S.
483602;VISA;DEBIT;CLASSIC;TURKIYE IS BANKASI, A.S.
489375;VISA;DEBIT;PREPAID CLASSIC;TURKIYE IS BANKASI, A.S.
510152;MASTERCARD;CREDIT;STANDARD;TURKIYE IS BANKASI, A.S.
520653;MASTERCARD;CREDIT;;TURKIYE IS BANKASI, A.S.
525382;MASTERCARD;CREDIT;STANDARD;TURKIYE IS BANKASI, A.S.
533803;MASTERCARD;DEBIT;PREPAID RELOADABLE;TURKIYE IS BANKASI, A.S.
534653;MASTERCARD;DEBIT;PREPAID RELOADABLE;TURKIYE IS BANKASI, A.S.
535279;MASTERCARD;DEBIT;COMMERCIAL;TURKIYE IS BANKASI, A.S.
535514;MASTERCARD;DEBIT;STANDARD;TURKIYE IS BANKASI, A.S.
537475;MASTERCARD;DEBIT;STANDARD;TURKIYE IS BANKASI, A.S.
537548;MASTERCARD;DEBIT;COMMERCIAL;TURKIYE IS BANKASI, A.S.
537567;MASTERCARD;DEBIT;PREPAID RELOADABLE;TURKIYE IS BANKASI, A.S.
540667;MASTERCARD;CREDIT;PLATINUM;TURKIYE IS BANKASI, A.S.
540668;MASTERCARD;CREDIT;NEW WORLD;TURKIYE IS BANKASI, A.S.
541440;MASTERCARD;DEBIT;PREPAID RELOADABLE;TURKIYE IS BANKASI, A.S.
543198;MASTERCARD;DEBIT;STANDARD;TURKIYE IS BANKASI, A.S.
543709;MASTERCARD;CREDIT;STANDARD;TURKIYE IS BANKASI, A.S.
543745;MASTERCARD;CREDIT;STANDARD;TURKIYE IS BANKASI, A.S.
543771;MASTERCARD;CREDIT;PLATINUM;TURKIYE IS BANKASI, A.S.
543867;MASTERCARD;DEBIT;STANDARD;TURKIYE IS BANKASI, A.S.
545254;MASTERCARD;DEBIT;PREPAID RELOADABLE;TURKIYE IS BANKASI, A.S.
548237;MASTERCARD;CREDIT;GOLD;TURKIYE IS BANKASI, A.S.
548615;MASTERCARD;CREDIT;WORLD BLACK;TURKIYE IS BANKASI, A.S.
552096;MASTERCARD;CREDIT;NEW WORLD;TURKIYE IS BANKASI, A.S.
552427;MASTERCARD;DEBIT;PREPAID RELOADABLE;TURKIYE IS BANKASI, A.S.
553058;MASTERCARD;CREDIT;BUSINESS;TURKIYE IS BANKASI, A.S.
559289;MASTERCARD;CREDIT;BUSINESS;TURKIYE IS BANKASI, A.S.
589283;MAESTRO;DEBIT;;TURKIYE IS BANKASI, A.S.
671187;MAESTRO;DEBIT;;TURKIYE IS BANKASI, A.S.
454309;VISA;CREDIT;;TURKIYE TURIZM YATIRIM VE DIS TICARET BANKASI
402940;VISA;CREDIT;CLASSIC;TURKIYE VAKIFLAR BANKASI T.A.O.
409084;VISA;CREDIT;CLASSIC;TURKIYE VAKIFLAR BANKASI T.A.O.
411724;VISA;CREDIT;CLASSIC;TURKIYE VAKIFLAR BANKASI T.A.O.
411942;VISA;CREDIT;CLASSIC;TURKIYE VAKIFLAR BANKASI T.A.O.
411943;VISA;CREDIT;CLASSIC;TURKIYE VAKIFLAR BANKASI T.A.O.
411944;VISA;CREDIT;CLASSIC;TURKIYE VAKIFLAR BANKASI T.A.O.
411979;VISA;CREDIT;PLATINUM;TURKIYE VAKIFLAR BANKASI T.A.O.
415792;VISA;CREDIT;CLASSIC;TURKIYE VAKIFLAR BANKASI T.A.O.
416757;VISA;CREDIT;CLASSIC;TURKIYE VAKIFLAR BANKASI T.A.O.
423478;VISA;DEBIT;PLATINUM;TURKIYE VAKIFLAR BANKASI T.A.O.
428945;VISA;CREDIT;BUSINESS;TURKIYE VAKIFLAR BANKASI T.A.O.
434530;VISA;DEBIT;BUSINESS;TURKIYE VAKIFLAR BANKASI T.A.O.
434724;VISA;CREDIT;CLASSIC;TURKIYE VAKIFLAR BANKASI T.A.O.
442671;VISA;DEBIT;PREPAID CLASSIC;TURKIYE VAKIFLAR BANKASI T.A.O.
444028;VISA;DEBIT;BUSINESS;TURKIYE VAKIFLAR BANKASI T.A.O.
459252;VISA;CREDIT;BUSINESS;TURKIYE VAKIFLAR BANKASI T.A.O.
479908;VISA;CREDIT;BUSINESS;TURKIYE VAKIFLAR BANKASI T.A.O.
479909;VISA;CREDIT;PLATINUM;TURKIYE VAKIFLAR BANKASI T.A.O.
483612;VISA;DEBIT;CLASSIC;TURKIYE VAKIFLAR BANKASI T.A.O.
491005;VISA;DEBIT;CLASSIC;TURKIYE VAKIFLAR BANKASI T.A.O.
493840;VISA;CREDIT;CLASSIC;TURKIYE VAKIFLAR BANKASI T.A.O.
493841;VISA;CREDIT;CLASSIC;TURKIYE VAKIFLAR BANKASI T.A.O.
493846;VISA;CREDIT;GOLD;TURKIYE VAKIFLAR BANKASI T.A.O.
510238;MASTERCARD;CREDIT;;TURKIYE VAKIFLAR BANKASI T.A.O.
520017;MASTERCARD;CREDIT;STANDARD;TURKIYE VAKIFLAR BANKASI T.A.O.
522441;MASTERCARD;CREDIT;BUSINESS;TURKIYE VAKIFLAR BANKASI T.A.O.
527590;MASTERCARD;DEBIT;PREPAID RELOADABLE;TURKIYE VAKIFLAR BANKASI T.A.O.
531369;MASTERCARD;CREDIT;WORLD;TURKIYE VAKIFLAR BANKASI T.A.O.
531457;MASTERCARD;DEBIT;STANDARD;TURKIYE VAKIFLAR BANKASI T.A.O.
535576;MASTERCARD;DEBIT;STANDARD;TURKIYE VAKIFLAR BANKASI T.A.O.
535775;MASTERCARD;DEBIT;STANDARD;TURKIYE VAKIFLAR BANKASI T.A.O.
536977;MASTERCARD;CREDIT;STANDARD;TURKIYE VAKIFLAR BANKASI T.A.O.
537504;MASTERCARD;DEBIT;COMMERCIAL;TURKIYE VAKIFLAR BANKASI T.A.O.
540045;MASTERCARD;CREDIT;MIXED;TURKIYE VAKIFLAR BANKASI T.A.O.
540046;MASTERCARD;CREDIT;MIXED;TURKIYE VAKIFLAR BANKASI T.A.O.
542119;MASTERCARD;CREDIT;MIXED;TURKIYE VAKIFLAR BANKASI T.A.O.
542798;MASTERCARD;CREDIT;STANDARD;TURKIYE VAKIFLAR BANKASI T.A.O.
542804;MASTERCARD;CREDIT;GOLD;TURKIYE VAKIFLAR BANKASI T.A.O.
547244;MASTERCARD;CREDIT;BUSINESS;TURKIYE VAKIFLAR BANKASI T.A.O.
550291;MASTERCARD;CREDIT;;TURKIYE VAKIFLAR BANKASI T.A.O.
552101;MASTERCARD;CREDIT;WORLD;TURKIYE VAKIFLAR BANKASI T.A.O.
554548;MASTERCARD;DEBIT;PREPAID RELOADABLE;TURKIYE VAKIFLAR BANKASI T.A.O.
555467;MASTERCARD;DEBIT;PREPAID RELOADABLE;TURKIYE VAKIFLAR BANKASI T.A.O.
589311;MAESTRO;DEBIT;;TURKIYE VAKIFLAR BANKASI T.A.O.
650052;TROY;CREDIT;;TURKIYE VAKIFLAR BANKASI T.A.O.
676429;MAESTRO;DEBIT;;TURKIYE VAKIFLAR BANKASI T.A.O.
679951;MAESTRO;DEBIT;;TURKIYE VAKIFLAR BANKASI T.A.O.
825430;LOCAL BRAND;DEBIT;;TURKIYE VAKIFLAR BANKASI T.A.O.
990015;MAESTRO;DEBIT;STANDARD;TURKIYE VAKIFLAR BANKASI T.A.O.
979231;TROY;DEBIT;PERSONAL;TURKLAND BANK
603005;LOCAL BRAND;DEBIT;PERSONAL;TURKLAND BANK, A.S.
501774;MAESTRO;DEBIT;;VAKIF BANK
531133;MASTERCARD;DEBIT;STANDARD;VAKIF KATILIM BANKASI
531883;MASTERCARD;CREDIT;BUSINESS;VAKIF KATILIM BANKASI
532322;MASTERCARD;CREDIT;STANDARD;VAKIF KATILIM BANKASI
535355;MASTERCARD;CREDIT;STANDARD;VAKIF KATILIM BANKASI
547980;MASTERCARD;CREDIT;BUSINESS;VAKIF KATILIM BANKASI
558215;MASTERCARD;DEBIT;STANDARD;VAKIF KATILIM BANKASI
639086;MAESTRO;DEBIT;;VAKIF KATILIM BANKASI
670544;MAESTRO;DEBIT;;VAKIF KATILIM BANKASI
483703;VISA;CREDIT;PERSONAL;VAKIF KATILIM BANKASI A.S
483704;VISA;CREDIT;PERSONAL;VAKIF KATILIM BANKASI A.S
900210;TROY;CREDIT;PERSONAL;VAKIF KATILIM BANKASI A.S
979230;TROY;CREDIT;PERSONAL;VAKIF KATILIM BANKASI A.S
979250;TROY;DEBIT;PERSONAL;VAKIF KATILIM BANKASI A.S
979265;TROY;DEBIT;PERSONAL;VAKIF KATILIM BANKASI A.S
540486;MASTERCARD;DEBIT;PREPAID RELOADABLE;VEPARA ODEME VE ELEKTRONIK PARA HIZMETLERI AS
588992;MAESTRO;DEBIT;STANDARD;YAPI KREDI
589117;MAESTRO;DEBIT;STANDARD;YAPI KREDI
601881;MAESTRO;CREDIT;STANDARD;YAPI KREDI
602676;MAESTRO;CREDIT;STANDARD;YAPI KREDI
200302;LOCAL BRAND;DEBIT;;YAPI KREDI SIGORTA, A.S.
401622;VISA;DEBIT;BUSINESS;YAPI VE KREDI BANKASI, A.S.
404809;VISA;CREDIT;INFINITE;YAPI VE KREDI BANKASI, A.S.
406281;VISA;DEBIT;CLASSIC;YAPI VE KREDI BANKASI, A.S.
409021;VISA;CREDIT;CLASSIC;YAPI VE KREDI BANKASI, A.S.
409022;VISA;CREDIT;GOLD;YAPI VE KREDI BANKASI, A.S.
413382;VISA;DEBIT;CLASSIC;YAPI VE KREDI BANKASI, A.S.
414392;VISA;DEBIT;CLASSIC;YAPI VE KREDI BANKASI, A.S.
416510;VISA;CREDIT;PLATINUM;YAPI VE KREDI BANKASI, A.S.
416512;VISA;CREDIT;BUSINESS;YAPI VE KREDI BANKASI, A.S.
420342;VISA;DEBIT;PREPAID CLASSIC;YAPI VE KREDI BANKASI, A.S.
420343;VISA;DEBIT;PREPAID CLASSIC;YAPI VE KREDI BANKASI, A.S.
420344;VISA;DEBIT;PREPAID BUSINESS;YAPI VE KREDI BANKASI, A.S.
434728;VISA;DEBIT;PREPAID;YAPI VE KREDI BANKASI, A.S.
434742;VISA;DEBIT;PREPAID;YAPI VE KREDI BANKASI, A.S.
434839;VISA;CREDIT;BUSINESS;YAPI VE KREDI BANKASI, A.S.
442106;VISA;DEBIT;BUSINESS;YAPI VE KREDI BANKASI, A.S.
446212;VISA;CREDIT;PLATINUM;YAPI VE KREDI BANKASI, A.S.
450634;VISA;CREDIT;PLATINUM;YAPI VE KREDI BANKASI, A.S.
455359;VISA;CREDIT;BUSINESS;YAPI VE KREDI BANKASI, A.S.
455360;VISA;DEBIT;GOLD;YAPI VE KREDI BANKASI, A.S.
476625;VISA;CREDIT;BUSINESS;YAPI VE KREDI BANKASI, A.S.
476626;VISA;CREDIT;BUSINESS;YAPI VE KREDI BANKASI, A.S.
477959;VISA;CREDIT;PERSONAL;YAPI VE KREDI BANKASI, A.S.
479612;VISA;DEBIT;PLATINUM;YAPI VE KREDI BANKASI, A.S.
479620;VISA;CREDIT;CLASSIC;YAPI VE KREDI BANKASI, A.S.
479794;VISA;CREDIT;CLASSIC;YAPI VE KREDI BANKASI, A.S.
479795;VISA;CREDIT;PLATINUM;YAPI VE KREDI BANKASI, A.S.
490983;VISA;DEBIT;CLASSIC;YAPI VE KREDI BANKASI, A.S.
491205;VISA;CREDIT;SIGNATURE;YAPI VE KREDI BANKASI, A.S.
491206;VISA;CREDIT;PLATINUM;YAPI VE KREDI BANKASI, A.S.
492128;VISA;CREDIT;CLASSIC;YAPI VE KREDI BANKASI, A.S.
492129;VISA;DEBIT;CLASSIC;YAPI VE KREDI BANKASI, A.S.
492130;VISA;CREDIT;PLATINUM;YAPI VE KREDI BANKASI, A.S.
492131;VISA;CREDIT;CLASSIC;YAPI VE KREDI BANKASI, A.S.
494314;VISA;DEBIT;CLASSIC;YAPI VE KREDI BANKASI, A.S.
510054;MASTERCARD;CREDIT;BUSINESS;YAPI VE KREDI BANKASI, A.S.
516888;MASTERCARD;DEBIT;STANDARD;YAPI VE KREDI BANKASI, A.S.
521400;MASTERCARD;CREDIT;WORLD;YAPI VE KREDI BANKASI, A.S.
523034;MASTERCARD;CREDIT;BUSINESS;YAPI VE KREDI BANKASI, A.S.
525864;MASTERCARD;CREDIT;WORLD;YAPI VE KREDI BANKASI, A.S.
533253;MASTERCARD;DEBIT;BUSINESS;YAPI VE KREDI BANKASI, A.S.
533913;MASTERCARD;CREDIT;STANDARD;YAPI VE KREDI BANKASI, A.S.
535435;MASTERCARD;DEBIT;PLATINUM;YAPI VE KREDI BANKASI, A.S.
535601;MASTERCARD;DEBIT;STANDARD;YAPI VE KREDI BANKASI, A.S.
535602;MASTERCARD;DEBIT;COMMERCIAL;YAPI VE KREDI BANKASI, A.S.
537518;MASTERCARD;DEBIT;STANDARD;YAPI VE KREDI BANKASI, A.S.
537833;MASTERCARD;DEBIT;PREPAID RELOADABLE;YAPI VE KREDI BANKASI, A.S.
540061;MASTERCARD;CREDIT;GOLD;YAPI VE KREDI BANKASI, A.S.
540062;MASTERCARD;CREDIT;STANDARD;YAPI VE KREDI BANKASI, A.S.
540063;MASTERCARD;CREDIT;GOLD;YAPI VE KREDI BANKASI, A.S.
540122;MASTERCARD;CREDIT;GOLD;YAPI VE KREDI BANKASI, A.S.
540129;MASTERCARD;CREDIT;GOLD;YAPI VE KREDI BANKASI, A.S.
541762;MASTERCARD;CREDIT;BUSINESS;YAPI VE KREDI BANKASI, A.S.
542117;MASTERCARD;CREDIT;STANDARD;YAPI VE KREDI BANKASI, A.S.
542836;MASTERCARD;CREDIT;STANDARD;YAPI VE KREDI BANKASI, A.S.
543187;MASTERCARD;CREDIT;WORLD;YAPI VE KREDI BANKASI, A.S.
544568;MASTERCARD;CREDIT;STANDARD;YAPI VE KREDI BANKASI, A.S.
544569;MASTERCARD;CREDIT;GOLD;YAPI VE KREDI BANKASI, A.S.
544716;MASTERCARD;CREDIT;GOLD;YAPI VE KREDI BANKASI, A.S.
545103;MASTERCARD;CREDIT;WORLD;YAPI VE KREDI BANKASI, A.S.
545442;MASTERCARD;CREDIT;GOLD;YAPI VE KREDI BANKASI, A.S.
545469;MASTERCARD;CREDIT;STANDARD;YAPI VE KREDI BANKASI, A.S.
545560;MASTERCARD;CREDIT;STANDARD;YAPI VE KREDI BANKASI, A.S.
545583;MASTERCARD;CREDIT;WORLD;YAPI VE KREDI BANKASI, A.S.
545915;MASTERCARD;CREDIT;STANDARD;YAPI VE KREDI BANKASI, A.S.
545976;MASTERCARD;CREDIT;GOLD;YAPI VE KREDI BANKASI, A.S.
546014;MASTERCARD;CREDIT;WORLD;YAPI VE KREDI BANKASI, A.S.
546039;MASTERCARD;CREDIT;STANDARD;YAPI VE KREDI BANKASI, A.S.
547187;MASTERCARD;CREDIT;GOLD;YAPI VE KREDI BANKASI, A.S.
547198;MASTERCARD;CREDIT;STANDARD;YAPI VE KREDI BANKASI, A.S.
548705;MASTERCARD;CREDIT;STANDARD;YAPI VE KREDI BANKASI, A.S.
548975;MASTERCARD;CREDIT;GOLD;YAPI VE KREDI BANKASI, A.S.
549203;MASTERCARD;CREDIT;STANDARD;YAPI VE KREDI BANKASI, A.S.
549211;MASTERCARD;CREDIT;STANDARD;YAPI VE KREDI BANKASI, A.S.
549624;MASTERCARD;DEBIT;PREPAID;YAPI VE KREDI BANKASI, A.S.
552645;MASTERCARD;CREDIT;BUSINESS;YAPI VE KREDI BANKASI, A.S.
552659;MASTERCARD;CREDIT;CORPORATE;YAPI VE KREDI BANKASI, A.S.
554422;MASTERCARD;CREDIT;MIXED;YAPI VE KREDI BANKASI, A.S.
554536;MASTERCARD;CREDIT;GOLD;YAPI VE KREDI BANKASI, A.S.
555371;MASTERCARD;CREDIT;BUSINESS;YAPI VE KREDI BANKASI, A.S.
557824;MASTERCARD;CREDIT;STANDARD;YAPI VE KREDI BANKASI, A.S.
557830;MASTERCARD;CREDIT;GOLD;YAPI VE KREDI BANKASI, A.S.
559542;MASTERCARD;CREDIT;GOLD;YAPI VE KREDI BANKASI, A.S.
559860;MASTERCARD;CREDIT;GOLD;YAPI VE KREDI BANKASI, A.S.
559907;MASTERCARD;CREDIT;STANDARD;YAPI VE KREDI BANKASI, A.S.
559917;MASTERCARD;CREDIT;GOLD;YAPI VE KREDI BANKASI, A.S.
561056;MAESTRO;DEBIT;;YAPI VE KREDI BANKASI, A.S.
588691;MAESTRO;DEBIT;;YAPI VE KREDI BANKASI, A.S.
602678;MAESTRO;DEBIT;;YAPI VE KREDI BANKASI, A.S.
602908;MAESTRO;DEBIT;;YAPI VE KREDI BANKASI, A.S.
602981;MAESTRO;DEBIT;;YAPI VE KREDI BANKASI, A.S.
603098;MAESTRO;DEBIT;;YAPI VE KREDI BANKASI, A.S.
603649;MAESTRO;DEBIT;;YAPI VE KREDI BANKASI, A.S.
603797;MAESTRO;DEBIT;;YAPI VE KREDI BANKASI, A.S.
636689;MAESTRO;DEBIT;;YAPI VE KREDI BANKASI, A.S.
639004;MAESTRO;DEBIT;;YAPI VE KREDI BANKASI, A.S.
657366;TROY;DEBIT;PERSONAL;YAPI VE KREDI BANKASI, A.S.
657998;TROY;DEBIT;CORPORATE;YAPI VE KREDI BANKASI, A.S.
676166;MAESTRO;DEBIT;;YAPI VE KREDI BANKASI, A.S.
676391;CIRRUS;DEBIT;CIRRUS;YAPI VE KREDI BANKASI, A.S.
677690;MAESTRO;DEBIT;;YAPI VE KREDI BANKASI, A.S.
979215;TROY;DEBIT;PERSONAL;YAPI VE KREDI BANKASI, A.S.
979241;TROY;DEBIT;PERSONAL;YAPI VE KREDI BANKASI, A.S.
979263;TROY;CREDIT;PERSONAL;YAPI VE KREDI BANKASI, A.S.
979217;TROY;DEBIT;PERSONAL;ZIRAAT BANKASI
979280;TROY;DEBIT;PERSONAL;ZIRAAT BANKASI
456838;VISA;DEBIT;CLASSIC;ZIRAAT FINANSAL TEKNOLOJILER ELEKTRONIK PARA VE DEME HIZMETLERI A S
494101;VISA;DEBIT;PREPAID CLASSIC;ZIRAAT FINANSAL TEKNOLOJILER ELEKTRONIK PARA VE DEME HIZMETLERI A S
539134;MASTERCARD;CREDIT;PERSONAL;ZIRAAT KATILIM BANKASI, A.S.
979221;TROY;CREDIT;PERSONAL;ZIRAAT KATILIM BANKASI, A.S.
999111;PRIVATE LABEL;;;
979289;TROY;DEBIT;;
979288;TROY;DEBIT;;
979287;TROY;DEBIT;;
979286;TROY;DEBIT;;
979285;TROY;DEBIT;;
979284;TROY;DEBIT;;
979283;TROY;DEBIT;;
979282;TROY;DEBIT;;
979281;TROY;DEBIT;;
979279;TROY;DEBIT;;
979276;TROY;DEBIT;;
979275;TROY;DEBIT;;
979274;TROY;DEBIT;;
979272;TROY;DEBIT;;
979270;TROY;DEBIT;;
979269;TROY;DEBIT;;
979262;TROY;DEBIT;;
979258;TROY;DEBIT;;
979255;TROY;DEBIT;;
979253;TROY;DEBIT;;
979251;TROY;DEBIT;;
979247;TROY;DEBIT;;
979245;TROY;DEBIT;;
979234;TROY;DEBIT;;
979229;TROY;DEBIT;;
979222;TROY;DEBIT;;
979201;TROY;DEBIT;;
979200;TROY;DEBIT;;
789645;PRIVATE LABEL;;;
699001;MAESTRO;DEBIT;STANDARD;
698745;MAESTRO;DEBIT;STANDARD;
696669;MAESTRO;DEBIT;STANDARD;
690002;MAESTRO;DEBIT;STANDARD;
688540;MAESTRO;DEBIT;STANDARD;
679291;MAESTRO;DEBIT;STANDARD;
678578;MAESTRO;DEBIT;STANDARD;
676372;MAESTRO;DEBIT;;
676340;MAESTRO;DEBIT;STANDARD;
676298;MAESTRO;DEBIT;;
676061;MAESTRO;DEBIT;STANDARD;
673047;MAESTRO;DEBIT;STANDARD;
673003;MAESTRO;DEBIT;;
666600;PRIVATE LABEL;;;
665555;MAESTRO;DEBIT;STANDARD;
663329;MAESTRO;DEBIT;STANDARD;
639561;MAESTRO;DEBIT;;
603092;MAESTRO;DEBIT;;
601500;MAESTRO;DEBIT;;
600343;MAESTRO;DEBIT;;FIBABANKA, A.S.
599886;MAESTRO;DEBIT;STANDARD;
599844;MAESTRO;DEBIT;STANDARD;
599823;MAESTRO;DEBIT;STANDARD;
599819;MAESTRO;DEBIT;STANDARD;
599754;MAESTRO;DEBIT;STANDARD;
599675;MAESTRO;DEBIT;STANDARD;
599661;MAESTRO;DEBIT;STANDARD;
599572;MAESTRO;DEBIT;STANDARD;
599570;MAESTRO;DEBIT;STANDARD;
599474;MAESTRO;DEBIT;STANDARD;
599466;MAESTRO;DEBIT;STANDARD;
599427;MAESTRO;DEBIT;STANDARD;
599377;MAESTRO;DEBIT;STANDARD;
599372;MAESTRO;DEBIT;STANDARD;
599371;MAESTRO;DEBIT;STANDARD;
599255;MAESTRO;DEBIT;STANDARD;
599172;MAESTRO;DEBIT;STANDARD;
599086;MAESTRO;DEBIT;STANDARD;
599067;MAESTRO;DEBIT;STANDARD;
599055;MAESTRO;DEBIT;STANDARD;
598906;MAESTRO;DEBIT;STANDARD;
598853;MAESTRO;DEBIT;STANDARD;
598852;MAESTRO;DEBIT;STANDARD;
598844;MAESTRO;DEBIT;STANDARD;
598790;MAESTRO;DEBIT;STANDARD;
598738;MAESTRO;DEBIT;STANDARD;
598720;MAESTRO;DEBIT;STANDARD;
598632;MAESTRO;DEBIT;STANDARD;
598563;MAESTRO;DEBIT;STANDARD;
598508;MAESTRO;DEBIT;STANDARD;
598310;MAESTRO;DEBIT;STANDARD;
598286;MAESTRO;DEBIT;STANDARD;
598256;MAESTRO;DEBIT;STANDARD;
598234;MAESTRO;DEBIT;STANDARD;
598193;MAESTRO;DEBIT;STANDARD;
598134;MAESTRO;DEBIT;STANDARD;
598078;MAESTRO;DEBIT;STANDARD;
598066;MAESTRO;DEBIT;STANDARD;
598023;MAESTRO;DEBIT;STANDARD;
597956;MAESTRO;DEBIT;STANDARD;
597939;MAESTRO;DEBIT;STANDARD;
597906;MAESTRO;DEBIT;STANDARD;
597849;MAESTRO;DEBIT;STANDARD;
597829;MAESTRO;DEBIT;STANDARD;
597814;MAESTRO;DEBIT;STANDARD;
597733;MAESTRO;DEBIT;STANDARD;
597725;MAESTRO;DEBIT;STANDARD;
597723;MAESTRO;DEBIT;STANDARD;
597686;MAESTRO;DEBIT;STANDARD;
597683;MAESTRO;DEBIT;STANDARD;
597591;MAESTRO;DEBIT;STANDARD;
597469;MAESTRO;DEBIT;STANDARD;
597380;MAESTRO;DEBIT;STANDARD;
597369;MAESTRO;DEBIT;STANDARD;
597313;MAESTRO;DEBIT;STANDARD;
597306;MAESTRO;DEBIT;STANDARD;
597246;MAESTRO;DEBIT;STANDARD;
597238;MAESTRO;DEBIT;STANDARD;
597233;MAESTRO;DEBIT;STANDARD;
597173;MAESTRO;DEBIT;STANDARD;
597141;MAESTRO;DEBIT;STANDARD;
597118;MAESTRO;DEBIT;STANDARD;
597107;MAESTRO;DEBIT;STANDARD;
596995;MAESTRO;DEBIT;STANDARD;
596992;MAESTRO;DEBIT;STANDARD;
596976;MAESTRO;DEBIT;STANDARD;
596946;MAESTRO;DEBIT;STANDARD;
596873;MAESTRO;DEBIT;STANDARD;
596867;MAESTRO;DEBIT;STANDARD;
596803;MAESTRO;DEBIT;STANDARD;
596627;MAESTRO;DEBIT;STANDARD;
596580;MAESTRO;DEBIT;STANDARD;
596524;MAESTRO;DEBIT;STANDARD;
596521;MAESTRO;DEBIT;STANDARD;
596502;MAESTRO;DEBIT;STANDARD;
596456;MAESTRO;DEBIT;STANDARD;
596372;MAESTRO;DEBIT;STANDARD;
596324;MAESTRO;DEBIT;STANDARD;
596265;MAESTRO;DEBIT;STANDARD;
596262;MAESTRO;DEBIT;STANDARD;
596258;MAESTRO;DEBIT;STANDARD;
596232;MAESTRO;DEBIT;STANDARD;
596115;MAESTRO;DEBIT;STANDARD;
596089;MAESTRO;DEBIT;STANDARD;
596052;MAESTRO;DEBIT;STANDARD;
596016;MAESTRO;DEBIT;STANDARD;
595996;MAESTRO;DEBIT;STANDARD;
595931;MAESTRO;DEBIT;STANDARD;
595909;MAESTRO;DEBIT;STANDARD;
595881;MAESTRO;DEBIT;STANDARD;
595879;MAESTRO;DEBIT;STANDARD;
595673;MAESTRO;DEBIT;STANDARD;
595668;MAESTRO;DEBIT;STANDARD;
595589;MAESTRO;DEBIT;STANDARD;
595569;MAESTRO;DEBIT;STANDARD;
595564;MAESTRO;DEBIT;STANDARD;
595538;MAESTRO;DEBIT;STANDARD;
595411;MAESTRO;DEBIT;STANDARD;
595296;MAESTRO;DEBIT;STANDARD;
595058;MAESTRO;DEBIT;STANDARD;
594994;MAESTRO;DEBIT;STANDARD;
594898;MAESTRO;DEBIT;STANDARD;
594866;MAESTRO;DEBIT;STANDARD;
594751;MAESTRO;DEBIT;STANDARD;
594686;MAESTRO;DEBIT;STANDARD;
594605;MAESTRO;DEBIT;STANDARD;
594565;MAESTRO;DEBIT;STANDARD;
594562;MAESTRO;DEBIT;STANDARD;
594501;MAESTRO;DEBIT;STANDARD;
594495;MAESTRO;DEBIT;STANDARD;
594311;MAESTRO;DEBIT;STANDARD;
594302;MAESTRO;DEBIT;STANDARD;
594249;MAESTRO;DEBIT;STANDARD;
594214;MAESTRO;DEBIT;STANDARD;
594205;MAESTRO;DEBIT;STANDARD;
594180;MAESTRO;DEBIT;STANDARD;
594173;MAESTRO;DEBIT;STANDARD;
594168;MAESTRO;DEBIT;STANDARD;
594140;MAESTRO;DEBIT;STANDARD;
593981;MAESTRO;DEBIT;STANDARD;
593960;MAESTRO;DEBIT;STANDARD;
593856;MAESTRO;DEBIT;STANDARD;
593744;MAESTRO;DEBIT;STANDARD;
593714;MAESTRO;DEBIT;STANDARD;
593686;MAESTRO;DEBIT;STANDARD;
593545;MAESTRO;DEBIT;STANDARD;
593469;MAESTRO;DEBIT;STANDARD;
593463;MAESTRO;DEBIT;STANDARD;
593439;MAESTRO;DEBIT;STANDARD;
593424;MAESTRO;DEBIT;STANDARD;
593409;MAESTRO;DEBIT;STANDARD;
593403;MAESTRO;DEBIT;STANDARD;
593398;MAESTRO;DEBIT;STANDARD;
593341;MAESTRO;DEBIT;STANDARD;
593276;MAESTRO;DEBIT;STANDARD;
593130;MAESTRO;DEBIT;STANDARD;
592976;MAESTRO;DEBIT;STANDARD;
592954;MAESTRO;DEBIT;STANDARD;
592913;MAESTRO;DEBIT;STANDARD;
592827;MAESTRO;DEBIT;STANDARD;
592773;MAESTRO;DEBIT;STANDARD;
592751;MAESTRO;DEBIT;STANDARD;
592708;MAESTRO;DEBIT;STANDARD;
592688;MAESTRO;DEBIT;STANDARD;
592669;MAESTRO;DEBIT;STANDARD;
592665;MAESTRO;DEBIT;STANDARD;
592661;MAESTRO;DEBIT;STANDARD;
592515;MAESTRO;DEBIT;STANDARD;
592485;MAESTRO;DEBIT;STANDARD;
592479;MAESTRO;DEBIT;STANDARD;
592457;MAESTRO;DEBIT;STANDARD;
592316;MAESTRO;DEBIT;STANDARD;
592236;MAESTRO;DEBIT;STANDARD;
592229;MAESTRO;DEBIT;STANDARD;
592185;MAESTRO;DEBIT;STANDARD;
592140;MAESTRO;DEBIT;STANDARD;
592046;MAESTRO;DEBIT;STANDARD;
592026;MAESTRO;DEBIT;STANDARD;
591967;MAESTRO;DEBIT;STANDARD;
591916;MAESTRO;DEBIT;STANDARD;
591811;MAESTRO;DEBIT;STANDARD;
591793;MAESTRO;DEBIT;STANDARD;
591712;MAESTRO;DEBIT;STANDARD;
591645;MAESTRO;DEBIT;STANDARD;
591639;MAESTRO;DEBIT;STANDARD;
591535;MAESTRO;DEBIT;STANDARD;
591529;MAESTRO;DEBIT;STANDARD;
591511;MAESTRO;DEBIT;STANDARD;
591507;MAESTRO;DEBIT;STANDARD;
591451;MAESTRO;DEBIT;STANDARD;
591363;MAESTRO;DEBIT;STANDARD;
591305;MAESTRO;DEBIT;STANDARD;
591182;MAESTRO;DEBIT;STANDARD;
591180;MAESTRO;DEBIT;STANDARD;
591179;MAESTRO;DEBIT;STANDARD;
591111;MAESTRO;DEBIT;STANDARD;
591079;MAESTRO;DEBIT;STANDARD;
591052;MAESTRO;DEBIT;STANDARD;
590980;MAESTRO;DEBIT;STANDARD;
590886;MAESTRO;DEBIT;STANDARD;
590853;MAESTRO;DEBIT;STANDARD;
590852;MAESTRO;DEBIT;STANDARD;
590809;MAESTRO;DEBIT;STANDARD;
590738;MAESTRO;DEBIT;STANDARD;
590714;MAESTRO;DEBIT;STANDARD;
590653;MAESTRO;DEBIT;STANDARD;
590587;MAESTRO;DEBIT;STANDARD;
590545;MAESTRO;DEBIT;STANDARD;
590509;MAESTRO;DEBIT;STANDARD;
590486;MAESTRO;DEBIT;STANDARD;
590481;MAESTRO;DEBIT;STANDARD;
590396;MAESTRO;DEBIT;STANDARD;
590373;MAESTRO;DEBIT;STANDARD;
590339;MAESTRO;DEBIT;STANDARD;
590304;MAESTRO;DEBIT;STANDARD;
590288;MAESTRO;DEBIT;STANDARD;
590272;MAESTRO;DEBIT;STANDARD;
590200;MAESTRO;DEBIT;STANDARD;
590109;MAESTRO;DEBIT;STANDARD;
590076;MAESTRO;DEBIT;STANDARD;
589500;MAESTRO;DEBIT;STANDARD;
589215;MAESTRO;DEBIT;STANDARD;
589019;MAESTRO;DEBIT;STANDARD;
587752;MAESTRO;DEBIT;;
585757;MAESTRO;DEBIT;STANDARD;
584960;MAESTRO;DEBIT;STANDARD;
582920;MAESTRO;DEBIT;STANDARD;
580904;MAESTRO;DEBIT;;
578662;MAESTRO;DEBIT;STANDARD;
577805;MAESTRO;DEBIT;STANDARD;
577100;MAESTRO;DEBIT;STANDARD;
574850;MAESTRO;DEBIT;STANDARD;
573771;MAESTRO;DEBIT;;
572190;MAESTRO;DEBIT;STANDARD;
571615;MAESTRO;DEBIT;STANDARD;
571134;MAESTRO;DEBIT;;
570236;MAESTRO;DEBIT;;
565478;MAESTRO;DEBIT;STANDARD;
565432;MAESTRO;DEBIT;ELECTRON;
561657;MAESTRO;DEBIT;STANDARD;
559586;MASTERCARD;CREDIT;;
559506;MASTERCARD;CREDIT;;
558502;MASTERCARD;CREDIT;;TURKIYE IS BANKASI, A.S.
558451;MASTERCARD;CREDIT;;TURKIYE VAKIFLAR BANKASI T.A.O.
558400;MASTERCARD;CREDIT;;OSMANLI BANKASI, A.S.
558399;MASTERCARD;CREDIT;;TURKIYE GARANTI BANKASI
558340;MASTERCARD;CREDIT;;OYAK BANK, A.S.
557945;MASTERCARD;DEBIT;VIRTUAL;TURKIYE GARANTI BANKASI, A.S.
556456;MASTERCARD;CREDIT;;
555616;MASTERCARD;DEBIT;;
555492;MASTERCARD;DEBIT;;
555425;MASTERCARD;DEBIT;;
555359;MASTERCARD;DEBIT;;
554958;MASTERCARD;CREDIT;;TOPRAKBANK, A.S.
554950;MASTERCARD;DEBIT;;
554832;MASTERCARD;CREDIT;;INTERBANK, A.S.
554660;MASTERCARD;CREDIT;;
554509;MASTERCARD;CREDIT;;AKBANK T.A.S.
554427;MASTERCARD;CREDIT;;TOPRAKBANK, A.S.
553004;MASTERCARD;DEBIT;;
552529;MASTERCARD;CREDIT;CORPORATE;ASYA KATILIM BANKASI, A.S.
552094;MASTERCARD;CREDIT;;ETIBANK, A.S.
550634;MASTERCARD;DEBIT;;
550452;MASTERCARD;DEBIT;;
550413;MASTERCARD;DEBIT;;
550412;MASTERCARD;DEBIT;;HSBC
548375;MASTERCARD;CREDIT;PLATINUM;TURKIYE VAKIFLAR BANKASI T.A.O.
547712;MASTERCARD;CREDIT;CORPORATE;CITIBANK, A.S.
547524;MASTERCARD;CREDIT;;ETIBANK, A.S.
547466;MASTERCARD;CREDIT;;YAPI VE KREDI BANKASI, A.S.
547302;MASTERCARD;CREDIT;BUSINESS;TURKIYE GARANTI BANKASI, A.S.
547170;MASTERCARD;CREDIT;;ETIBANK, A.S.
545783;MASTERCARD;CREDIT;;YAPI VE KREDI BANKASI, A.S.
545771;MASTERCARD;CREDIT;BONUS;TURKIYE GARANTI BANKASI, A.S.
545102;MASTERCARD;CREDIT;WORLD;TURKIYE GARANTI BANKASI, A.S.
544460;MASTERCARD;CREDIT;GOLD;CITIBANK, A.S.
544127;MASTERCARD;CREDIT;STANDARD;CITIBANK, A.S.
543430;MASTERCARD;DEBIT;;
543039;MASTERCARD;CREDIT;;PAMUKBANK T.A.S.
542616;MASTERCARD;CREDIT;;ETIBANK, A.S.
542110;MASTERCARD;CREDIT;STANDARD;AKBANK T.A.S.
541073;MASTERCARD;CREDIT;;IKTISAT BANKASI TURK, A.S.
541001;MASTERCARD;CREDIT;STANDARD;T.C. ZIRAAT BANKASI A.S.
540284;MASTERCARD;CREDIT;;PAMUKBANK T.A.S.
540134;MASTERCARD;CREDIT;STANDARD;T.C. ZIRAAT BANKASI A.S.
539703;MASTERCARD;CREDIT;GOLD;SEKERBANK T.A.S.
538478;MASTERCARD;CREDIT;STANDARD;
535446;MASTERCARD;DEBIT;PREPAID RELOADABLE;ODEA BANK A.S.
535176;MASTERCARD;DEBIT;STANDARD;FINANSBANK A.S.
534913;MASTERCARD;CREDIT;STANDARD;FIBABANKA A.S.
533149;MASTERCARD;CREDIT;STANDARD;ASYA KATILIM BANKASI, A.S.
528825;MASTERCARD;DEBIT;PREPAID RELOADABLE;TURK EKONOMI BANKASI A.S.
528823;MASTERCARD;DEBIT;PREPAID;TURK EKONOMI BANKASI, A.S.
527657;MASTERCARD;DEBIT;PREPAID RELOADABLE;SEKERBANK T.A.S.
527585;MASTERCARD;CREDIT;STANDARD;ASYA KATILIM BANKASI, A.S.
524384;MASTERCARD;CREDIT;PLATINUM;ASYA KATILIM BANKASI, A.S.
523759;MASTERCARD;CREDIT;STANDARD;DENIZBANK A.S.
523416;MASTERCARD;CREDIT;CORPORATE;ODEA BANK A.S.
521827;MASTERCARD;CREDIT;PLATINUM;SEKERBANK T.A.S.
521594;MASTERCARD;DEBIT;PREPAID RELOADABLE;TURKISH BANK A.S.
518679;MASTERCARD;CREDIT;PLATINUM;FIBABANKA A.S.
516962;MASTERCARD;DEBIT;STANDARD;DENIZBANK A.S.
516742;MASTERCARD;DEBIT;PREPAID RELOADABLE;TURK EKONOMI BANKASI A.S.
516731;MASTERCARD;DEBIT;STANDARD;DENIZBANK A.S.
516657;MASTERCARD;CREDIT;BUSINESS;TURKIYE GARANTI BANKASI A.S.
515849;MASTERCARD;CREDIT;GOLD;ASYA KATILIM BANKASI, A.S.
513045;MASTERCARD;CREDIT;;SEKERBANK T.A.S.
512753;MASTERCARD;CREDIT;GOLD;TURK EKONOMI BANKASI, A.S.
510106;MASTERCARD;CREDIT;;AKBANK T.A.S.
510010;MASTERCARD;CREDIT;STANDARD;SEKERBANK T.A.S.
506748;MAESTRO;DEBIT;;T.C. ZIRAAT BANKASI, A.S.
506147;MAESTRO;DEBIT;;
505785;MAESTRO;DEBIT;STANDARD;
505263;MAESTRO;DEBIT;STANDARD;
505201;MAESTRO;DEBIT;STANDARD;
504668;MAESTRO;DEBIT;STANDARD;
502850;MAESTRO;DEBIT;STANDARD;
501807;MAESTRO;DEBIT;;
500166;MAESTRO;DEBIT;STANDARD;
499958;VISA;CREDIT;BUSINESS;YAPI VE KREDI BANKASI, A.S.
499957;VISA;CREDIT;GOLD;KOCBANK
499956;VISA;CREDIT;CLASSIC;YAPI VE KREDI BANKASI, A.S.
499600;VISA;DEBIT;;
498845;VISA;CREDIT;GOLD;MILLI AYDIN BANKASI T.A.S. TARISBANK
494760;VISA;DEBIT;;
493845;VISA;CREDIT;GOLD;TURKIYE GARANTI BANKASI A. S.
493482;VISA;CREDIT;;ETIBANK
492186;VISA;CREDIT;CLASSIC;TURKIYE GARANTI BANKASI A. S.
491794;VISA;CREDIT;;KENTBANK, A.S.
491793;VISA;CREDIT;;KENTBANK, A.S.
489897;VISA;DEBIT;;
484912;VISA;DEBIT;;
483604;VISA;CREDIT;CLASSIC;
482211;VISA;DEBIT;;
480998;VISA;DEBIT;ELECTRON;ETIBANK
477901;VISA;CREDIT;;TURKIYE VAKIFLAR BANKASI T. A. O.
475213;VISA;DEBIT;;
464451;VISA;CREDIT;;TURKIYE IMAR BANKASI T.A.S.
464450;VISA;CREDIT;;ADABANK, A.S.
463214;VISA;CREDIT;CLASSIC;
459907;VISA;CREDIT;CLASSIC;TURKIYE FINANS KATILIM BANKASI
455266;VISA;CREDIT;;DEMIRBANK T.A.S.
455064;VISA;CREDIT;;ETIBANK
455063;VISA;CREDIT;;ETIBANK
455062;VISA;CREDIT;;ETIBANK
450749;VISA;CREDIT;CLASSIC;TURKIYE IMAR BANKASI T.A.S.
450151;VISA;CREDIT;PLATINUM;CITIBANK
447500;VISA;CREDIT;;KENTBANK, A.S.
444616;VISA;DEBIT;;
437194;VISA;DEBIT;;
436054;VISA;DEBIT;;
434560;VISA;DEBIT;;
432154;VISA;DEBIT;VIRTUAL;TURKIYE GARANTI BANKASI A. S.
427774;VISA;CREDIT;;INTERBANK, A.S.
427344;VISA;CREDIT;;
427336;VISA;CREDIT;BUSINESS;MILLI AYDIN BANKASI T.A.S. TARISBANK
427335;VISA;CREDIT;BUSINESS;MILLI AYDIN BANKASI T.A.S. TARISBANK
427329;VISA;CREDIT;BUSINESS;TOPRAKBANK, A.S.
427318;VISA;CREDIT;;ETIBANK
423096;VISA;DEBIT;;
420557;VISA;DEBIT;ELECTRON;TURKIYE GARANTI BANKASI A. S.
415570;VISA;CREDIT;;ETIBANK
414959;VISA;DEBIT;ELECTRON;TURKIYE EMLAK BANKASI, A.S.
414391;VISA;CREDIT;PLATINUM;YAPI VE KREDI BANKASI, A.S.
414291;VISA;CREDIT;CLASSIC;YAPI VE KREDI BANKASI, A.S.
413836;VISA;CREDIT;PLATINUM;TURKIYE GARANTI BANKASI A. S.
413760;VISA;CREDIT;CLASSIC;OYAK BANK, A.S.
412345;VISA;CREDIT;PURCHASING;THANKSCARD
410555;VISA;CREDIT;CLASSIC;KUVEYT TURK KATILIM BANKASI, A.S.
410141;VISA;DEBIT;ELECTRON;TURKIYE GARANTI BANKASI A. S.
408578;VISA;CREDIT;CLASSIC;ING BANK, A.S.
408538;VISA;CREDIT;;ETIBANK
407381;VISA;DEBIT;ELECTRON;ASYA KATILIM BANKASI, A.S.
405913;VISA;CREDIT;ADVANTAGE;HSBC BANK, A.S.
405903;VISA;DEBIT;BUSINESS;HSBC BANK, A.S.
403431;VISA;CREDIT;CLASSIC;ALTERNATIFBANK, A.S.
403280;VISA;CREDIT;CLASSIC;TURKIYE GARANTI BANKASI A. S.
403228;VISA;DEBIT;ELECTRON;MILLI AYDIN BANKASI T.A.S. TARISBANK
403059;VISA;DEBIT;;
402770;VISA;CREDIT;GOLD;DENIZBANK, A.S.
402280;VISA;CREDIT;CLASSIC;ASYA KATILIM BANKASI, A.S.
402276;VISA;CREDIT;GOLD;ASYA KATILIM BANKASI, A.S.
402275;VISA;CREDIT;CLASSIC;ASYA KATILIM BANKASI, A.S.
402142;VISA;DEBIT;BUSINESS;TURK EKONOMI BANKASI, A.S.
401895;VISA;CREDIT;CLASSIC;OYAK BANK, A.S.
401738;VISA;DEBIT;ELECTRON;TURKIYE GARANTI BANKASI A. S.
389035;DINERS CLUB INTERNATIONAL;CREDIT;STANDARD;
375551;AMERICAN EXPRESS;CREDIT;;
375550;AMERICAN EXPRESS;CREDIT;;
367120;DINERS CLUB INTERNATIONAL;CREDIT;;
363300;DINERS CLUB INTERNATIONAL;CREDIT;STANDARD;
361848;DINERS CLUB INTERNATIONAL;CREDIT;STANDARD;
360787;DINERS CLUB INTERNATIONAL;CREDIT;STANDARD;
352576;JCB;CREDIT;STANDARD;
351702;JCB;;;
351300;JCB;;;
349634;AMERICAN EXPRESS;CREDIT;STANDARD;
349358;AMERICAN EXPRESS;CREDIT;STANDARD;
347914;AMERICAN EXPRESS;CREDIT;;
347846;AMERICAN EXPRESS;CREDIT;STANDARD;
347244;AMERICAN EXPRESS;CREDIT;;
347026;AMERICAN EXPRESS;CREDIT;STANDARD;
345231;AMERICAN EXPRESS;CREDIT;;
342123;AMERICAN EXPRESS;CREDIT;STANDARD;
342119;AMERICAN EXPRESS;CREDIT;STANDARD;
340710;AMERICAN EXPRESS;CREDIT;STANDARD;
340621;AMERICAN EXPRESS;CREDIT;STANDARD;
340061;AMERICAN EXPRESS;CREDIT;STANDARD;
340045;AMERICAN EXPRESS;CREDIT;;
327979;DINERS CLUB INTERNATIONAL;CREDIT;;
323626;DINERS CLUB INTERNATIONAL;CREDIT;;
310422;PRIVATE LABEL;;;
